,D_DATE,Ticker,Cena / Wartość księgowa,Cena / Wartość księgowa Grahama,Cena / Przychody ze sprzedaży,Cena / Zysk,Cena / Zysk operacyjny,EV / Przychody ze sprzedaży,EV / EBIT,EV / EBITDA,ROE,ROA,Marża zysku operacyjnego,Marża zysku netto,Marża zysku ze sprzedaży,Marża zysku brutto,Marża zysku brutto ze sprzedaży,Rentowność operacyjna aktywów,Udział zysku netto w przepływach operacyjnych,Wskaźnik źródeł finansowania inwestycji,Zadłużenie ogólne,Zadłużenie kapitału własnego,Zastosowanie kapitału obcego,Wskaźnik ogólnej sytuacji finansowej,I stopień pokrycia,Płynność gotówkowa,Płynność szybka,Płynność bieżąca,Pokrycie zobowiązań należnościami
0,2006-02-28,CCC,3.71,7.01,0.39,23.67,18.21,0.71,12.51,7.96,18.53,9.21,4.87,3.77,6.69,4.97,38.67,13.52,95.33,75.28,0.6,1.51,0.82,1.0,1.62,0.18,0.66,1.29,0.43
1,2006-05-15,CCC,4.8,11.37,1.66,31.85,25.04,1.84,21.06,13.2,16.24,5.67,5.59,3.51,6.01,4.94,46.04,9.04,62.26,96.44,0.49,0.96,0.85,1.0,1.45,0.06,0.56,1.2,0.34
2,2006-08-14,CCC,3.97,12.24,1.26,26.4,22.14,1.43,17.6,12.53,11.84,4.73,3.4,2.43,3.69,3.17,44.92,6.55,43.48,81.03,0.49,0.98,0.72,1.05,1.73,0.14,0.69,1.5,0.33
3,2007-03-01,CCC,3.97,7.54,1.34,38.19,27.73,1.42,29.19,17.2,12.22,5.74,4.92,4.11,5.24,5.32,42.54,8.58,36.39,83.78,0.5,0.99,0.75,1.01,1.59,0.18,0.71,1.41,0.44
4,2007-05-15,CCC,5.56,13.24,2.07,42.47,31.13,2.01,30.71,28.18,16.76,6.92,5.35,4.42,4.72,5.5,41.82,9.36,77.5,76.54,0.46,0.86,0.71,1.03,1.51,0.12,0.53,1.6,0.47
5,2007-08-10,CCC,5.81,18.63,2.91,41.82,34.74,2.94,35.91,27.78,18.08,8.28,6.39,5.43,6.01,6.75,44.31,9.75,64.17,73.09,0.44,0.78,0.72,0.91,1.4,0.14,0.74,1.49,0.47
6,2007-11-14,CCC,5.4,14.35,1.86,36.59,32.01,1.86,30.87,23.76,16.4,7.16,7.49,6.37,5.49,7.92,46.06,9.68,48.05,84.82,0.44,0.79,0.68,1.03,1.5,0.17,0.68,1.83,0.46
7,2008-02-26,CCC,3.76,5.22,1.42,26.03,20.98,1.24,16.64,13.68,16.66,7.94,7.8,6.88,7.65,8.05,41.03,9.96,31.78,96.07,0.4,0.68,0.68,1.0,1.48,0.29,0.79,1.77,0.44
8,2008-05-15,CCC,3.31,10.07,1.14,24.21,19.37,1.07,19.42,14.51,16.78,9.32,7.86,6.9,6.17,8.39,44.4,10.56,-1.15,92.73,0.45,0.82,0.77,0.94,1.32,0.19,0.69,1.79,0.45
9,2008-08-11,CCC,2.34,3.4,0.83,20.59,16.64,0.75,16.03,13.39,12.36,5.91,7.16,6.16,6.7,7.87,42.64,8.42,-25.33,93.33,0.48,0.91,0.79,0.98,1.42,0.17,0.66,1.74,0.52
10,2008-11-07,CCC,1.82,3.16,0.55,17.75,13.83,0.53,14.57,10.37,12.55,5.23,4.44,4.04,5.02,5.7,42.64,9.52,25.4,95.75,0.5,1.02,0.79,1.0,1.4,0.14,0.6,1.65,0.39
11,2009-02-19,CCC,1.25,2.4,0.43,15.42,9.93,0.54,11.15,8.13,5.01,1.72,3.97,0.82,5.83,0.83,39.8,6.95,97.96,96.29,0.57,1.36,0.79,0.9,1.26,0.17,0.57,1.5,0.34
12,2009-05-14,CCC,0.87,2.26,0.27,12.36,9.16,0.33,7.36,8.59,1.74,0.48,1.85,0.37,2.09,0.58,38.9,3.17,49.84,98.9,0.58,1.37,0.84,0.91,1.24,0.09,0.52,1.35,0.26
13,2009-08-24,CCC,1.26,3.4,0.29,16.8,12.24,0.39,10.49,4.89,2.36,0.64,1.87,0.28,1.99,-0.09,40.06,2.46,-32.74,99.24,0.56,1.3,0.86,0.91,1.24,0.1,0.47,1.21,0.25
14,2009-11-16,CCC,1.43,4.0,0.37,27.62,18.53,0.44,13.74,7.0,1.48,0.3,0.69,0.2,1.81,-0.21,40.65,0.76,-132.95,54.56,0.54,1.23,0.89,0.91,1.28,0.17,0.58,1.5,0.3
15,2010-02-25,CCC,1.38,4.02,0.49,22.32,14.91,0.51,7.25,10.3,3.78,0.08,2.02,0.07,0.99,1.92,42.36,2.9,27.39,86.67,0.53,1.08,0.88,0.89,1.29,0.2,0.72,1.53,0.28
16,2010-05-13,CCC,1.66,5.17,0.51,27.34,17.65,0.62,10.32,9.66,13.66,2.62,2.16,1.75,1.95,2.56,42.65,2.37,26.43,93.32,0.52,1.11,0.93,1.01,0.97,0.11,0.5,1.49,0.32
17,2010-08-26,CCC,1.59,5.76,0.51,23.44,19.03,0.59,17.22,12.59,7.81,2.72,2.2,1.76,2.27,2.51,41.06,4.73,34.58,84.76,0.56,1.18,1.04,0.98,0.97,0.11,0.5,1.33,0.21
18,2010-11-08,CCC,1.9,5.5,0.59,26.69,17.54,0.84,18.72,11.74,9.06,5.2,2.97,2.23,3.6,3.08,40.18,6.15,54.8,104.45,0.54,1.19,0.91,0.99,1.0,0.12,0.58,1.5,0.25
19,2011-02-17,CCC,1.81,5.01,0.54,22.16,17.43,0.81,19.93,11.11,15.72,7.02,5.62,4.38,5.44,5.6,40.0,6.75,64.05,104.83,0.52,1.2,0.87,0.97,1.17,0.2,0.69,1.55,0.38
20,2011-05-10,CCC,2.41,6.93,0.62,21.45,19.16,0.78,20.42,12.32,13.0,5.76,5.09,3.26,5.11,4.12,40.56,5.69,84.83,103.48,0.53,1.14,0.86,0.99,1.08,0.09,0.54,1.4,0.28
21,2011-08-29,CCC,1.87,6.34,0.54,18.1,13.33,0.76,16.66,10.51,16.22,6.38,4.85,3.87,5.16,4.2,42.64,7.48,67.61,93.93,0.52,1.09,0.88,1.04,1.27,0.13,0.5,1.29,0.32
22,2011-11-10,CCC,1.41,4.67,0.34,15.76,6.5,0.52,10.44,6.39,11.08,4.87,5.4,1.95,5.15,2.4,45.74,6.92,48.2,59.54,0.54,1.18,0.86,1.05,1.26,0.07,0.56,1.38,0.31
23,2012-02-20,CCC,1.21,3.57,0.36,13.96,6.8,0.52,8.85,5.22,9.49,3.36,5.71,1.62,5.83,2.35,44.08,6.25,51.08,65.9,0.58,1.43,0.81,0.99,1.35,0.15,0.52,1.46,0.42
24,2012-05-10,CCC,1.76,4.67,0.42,13.74,10.84,0.56,11.9,7.39,11.2,3.68,4.16,2.07,4.2,2.86,44.09,5.24,31.67,58.14,0.53,1.15,0.85,1.05,1.33,0.14,0.5,1.4,0.35
25,2012-08-29,CCC,1.49,4.07,0.37,15.74,12.26,0.51,13.29,10.06,8.78,3.38,3.42,1.87,4.0,2.46,41.94,4.74,29.02,71.51,0.53,1.13,0.86,1.03,1.24,0.15,0.47,1.3,0.24
26,2012-11-08,CCC,1.34,5.02,0.32,13.47,8.24,0.47,10.24,11.31,8.03,3.54,3.34,2.98,4.22,3.2,40.84,4.57,33.94,86.32,0.49,1.07,0.85,0.98,1.27,0.14,0.47,1.33,0.33
27,2013-02-20,CCC,1.31,4.93,0.36,18.11,6.66,0.44,10.16,6.74,7.86,2.43,4.36,1.94,4.34,2.21,43.83,5.5,58.42,36.06,0.53,1.35,0.89,0.94,1.23,0.16,0.59,1.53,0.34
28,2013-05-09,CCC,1.46,4.61,0.45,20.15,9.95,0.55,11.81,7.88,9.69,3.72,4.74,1.82,4.7,1.72,42.36,6.3,53.55,111.13,0.49,1.06,0.84,0.97,1.26,0.07,0.52,1.43,0.32
29,2013-08-29,CCC,1.66,8.19,0.47,12.04,9.02,0.57,9.87,8.15,11.09,4.06,4.83,2.88,4.76,2.82,41.38,6.51,74.18,75.38,0.49,1.03,0.89,1.01,1.16,0.07,0.49,1.4,0.29
30,2013-11-07,CCC,1.72,5.67,0.55,13.73,9.85,0.58,11.1,9.35,14.33,5.81,4.76,3.28,4.89,4.06,41.66,6.39,68.81,61.21,0.52,1.15,0.89,0.98,1.15,0.11,0.46,1.42,0.28
31,2014-02-20,CCC,1.54,6.45,0.47,12.71,12.69,0.54,12.96,9.65,14.7,5.99,5.08,3.74,5.1,4.71,43.18,6.35,81.93,83.71,0.52,1.22,0.87,0.97,1.16,0.17,0.61,1.42,0.37
32,2014-05-07,CCC,1.43,8.12,0.43,12.87,9.3,0.56,11.59,8.9,14.21,5.99,4.72,3.54,4.48,4.27,40.82,6.38,60.26,96.7,0.56,1.3,0.87,0.96,1.17,0.08,0.47,1.39,0.37
33,2014-08-27,CCC,1.36,6.54,0.46,11.41,9.42,0.58,10.78,7.4,15.43,6.13,6.55,4.77,6.32,5.62,41.18,5.92,75.9,95.74,0.57,1.32,0.87,0.97,1.24,0.09,0.45,1.32,0.32
34,2014-11-06,CCC,1.39,10.04,0.45,15.34,8.79,0.48,11.01,9.07,14.8,6.27,6.53,3.94,5.97,5.09,41.16,8.13,80.13,99.39,0.6,1.48,0.9,1.01,1.1,0.11,0.44,1.31,0.21
35,2015-02-23,CCC,1.36,5.56,0.45,10.97,8.06,0.43,8.59,7.18,14.33,5.74,6.05,4.14,5.33,5.14,44.41,8.39,73.48,84.84,0.51,1.05,0.9,0.98,1.17,0.17,0.45,1.46,0.3
36,2015-05-07,CCC,1.68,5.65,0.46,16.48,10.44,0.46,13.26,9.09,12.69,3.8,5.28,3.89,5.04,4.93,44.46,6.46,50.03,106.01,0.55,1.39,0.89,1.0,1.15,0.1,0.39,1.33,0.25
37,2015-08-25,CCC,1.61,7.02,0.47,14.39,12.26,0.4,11.74,8.74,14.5,5.04,5.08,3.6,4.83,4.58,48.61,7.05,62.26,87.44,0.54,1.23,0.91,0.97,1.09,0.14,0.45,1.4,0.28
38,2015-11-06,CCC,1.54,7.09,0.57,14.51,16.31,0.64,16.37,9.3,13.53,4.1,4.0,2.74,3.98,3.62,50.42,6.33,32.13,96.49,0.55,1.2,0.9,0.98,1.17,0.09,0.48,1.35,0.29
39,2016-02-25,CCC,1.36,6.27,0.64,14.71,11.4,0.65,10.27,9.66,18.59,7.39,3.57,2.85,3.81,3.55,46.77,8.02,62.14,91.22,0.47,0.89,0.83,1.0,1.22,0.12,0.44,1.35,0.28
40,2016-05-12,CCC,1.44,,0.58,14.53,11.49,0.59,9.97,8.95,18.3,6.63,3.7,3.19,2.68,3.7,50.53,8.44,107.0,87.87,0.52,1.02,0.88,0.97,1.09,0.09,0.47,1.41,0.38
41,2016-08-25,CCC,1.86,,0.63,16.26,15.44,0.68,12.68,10.57,18.3,5.81,3.82,3.17,2.93,3.84,51.78,8.24,87.18,83.82,0.52,0.98,0.86,0.99,1.11,0.11,0.42,1.31,0.28
42,2016-11-10,CCC,1.7,,0.64,17.53,13.23,0.77,13.34,11.04,13.36,5.94,4.64,3.22,3.18,4.37,51.18,8.59,44.12,63.2,0.52,1.11,0.89,0.96,1.12,0.13,0.43,1.33,0.23
43,2017-02-28,CCC,1.84,,0.54,16.16,12.03,0.69,10.55,9.41,16.51,7.07,4.34,2.92,3.87,4.89,48.74,9.32,51.29,55.07,0.54,1.21,0.84,0.97,1.15,0.18,0.46,1.44,0.25
44,2017-05-15,CCC,1.63,,0.57,17.03,12.58,0.74,13.55,10.89,14.52,4.46,3.64,2.9,4.01,3.67,48.54,6.49,49.47,59.64,0.53,1.18,0.89,0.93,1.14,0.07,0.45,1.35,0.26
45,2017-08-31,CCC,2.34,,0.91,19.16,17.75,0.87,13.69,11.37,10.02,5.25,4.72,3.23,4.36,4.24,50.35,7.0,79.82,75.2,0.53,1.12,0.88,1.0,1.16,0.09,0.45,1.38,0.22
46,2017-11-13,CCC,2.23,,0.75,16.71,14.67,0.9,12.45,9.92,13.87,7.35,5.9,3.95,5.33,4.45,50.54,7.15,88.71,84.34,0.59,1.47,0.85,0.97,1.18,0.1,0.38,1.34,0.24
47,2018-05-14,CCC,2.2,,0.79,14.22,12.43,0.78,14.07,8.82,16.64,8.7,6.02,4.89,4.21,6.08,51.14,7.36,71.44,83.98,0.53,1.11,0.83,0.95,1.35,0.12,0.45,1.49,0.27
48,2018-08-23,CCC,1.78,,0.57,10.12,8.96,0.53,10.28,6.18,19.4,9.19,7.03,5.49,5.24,6.54,51.67,9.29,47.85,90.65,0.52,1.1,0.8,1.01,1.27,0.17,0.47,1.37,0.24
49,2018-11-08,CCC,1.46,,0.43,8.93,8.87,0.43,7.91,6.53,15.71,7.77,6.83,5.08,5.0,5.08,50.76,8.65,73.91,66.98,0.59,1.44,0.86,0.99,1.29,0.11,0.38,1.28,0.19
50,2019-05-15,CCC,2.17,,0.43,17.36,9.31,0.68,14.39,8.99,9.08,4.7,5.34,2.88,4.55,4.3,49.9,6.54,66.97,92.39,0.66,1.9,1.28,0.89,0.7,0.06,0.32,1.07,0.19
51,2019-09-03,CCC,1.93,,0.41,,10.86,0.69,13.98,6.62,11.31,4.22,4.45,3.08,3.75,3.53,49.34,5.42,43.77,85.38,0.67,1.88,1.28,0.87,0.63,0.07,0.35,1.04,0.19
52,2019-10-30,CCC,1.29,,0.26,,8.01,0.59,11.71,7.14,9.37,3.7,4.47,2.96,3.96,3.01,49.2,5.47,37.33,104.67,0.67,2.06,1.3,0.87,0.61,0.08,0.32,1.06,0.16
53,2020-04-24,CCC,0.86,,0.17,,,0.49,9.17,3.55,6.03,2.25,4.16,2.12,3.35,2.78,48.67,5.33,28.96,81.99,0.65,1.8,1.26,0.87,0.68,0.06,0.33,1.15,0.19
54,2020-09-30,CCC,1.05,,0.22,,,0.47,6.76,4.61,0.99,0.53,3.5,0.17,3.3,0.95,48.63,3.46,6.86,66.2,0.64,1.75,1.22,0.86,0.71,0.16,0.46,1.25,0.24
55,2020-10-27,CCC,0.93,,0.22,,,0.43,7.7,4.67,4.13,1.41,4.04,1.78,4.44,2.14,47.86,4.86,18.63,72.34,0.61,1.53,1.17,0.88,0.69,0.16,0.42,1.18,0.25
56,2021-05-31,CCC,1.89,,0.42,,,0.88,6.01,7.93,6.59,2.94,2.58,2.5,5.04,3.75,43.63,5.06,33.48,46.8,0.61,1.51,1.18,1.0,0.7,0.09,0.41,1.26,0.28
57,2021-10-13,CCC,2.37,,0.56,,,0.85,8.03,9.76,10.1,4.54,3.83,3.7,5.06,4.61,44.71,6.73,13.02,33.19,0.6,1.53,1.16,0.93,0.74,0.18,0.51,1.43,0.3
58,2021-11-24,CCC,2.07,,0.62,,,0.87,10.64,7.64,12.72,6.06,4.26,3.69,5.26,4.7,46.31,6.95,56.97,89.6,0.6,1.57,1.12,0.95,0.81,0.14,0.5,1.48,0.26
59,2022-05-25,CCC,2.02,,0.47,,6.56,0.69,8.45,5.14,12.78,6.4,7.38,5.84,6.78,7.06,48.22,7.2,61.33,20.65,0.63,1.73,1.14,0.92,0.83,0.11,0.43,1.36,0.24
60,2022-10-25,CCC,1.71,,0.37,,5.28,0.56,6.82,4.25,22.28,6.36,7.2,5.38,7.12,7.23,48.19,8.28,74.84,96.51,0.66,1.6,1.13,0.93,0.78,0.1,0.35,1.34,0.22
61,2022-12-01,CCC,1.57,,0.32,,,0.55,4.77,4.55,15.4,5.02,5.86,4.2,6.06,5.36,47.81,7.95,59.67,76.0,0.64,1.51,1.1,0.92,0.84,0.14,0.31,1.29,0.23
62,2023-06-14,CCC,1.49,,0.5,,,0.58,6.98,5.44,18.28,5.02,5.82,3.28,5.9,5.94,41.9,8.58,53.45,104.16,0.57,1.09,1.02,0.96,0.96,0.12,0.36,1.41,0.25
63,2023-10-11,CCC,2.27,,0.38,,,0.55,6.04,5.01,14.17,5.35,5.15,3.19,5.19,5.99,37.24,8.2,46.18,86.31,0.56,1.05,0.99,0.97,1.02,0.14,0.34,1.44,0.26
64,2023-11-29,CCC,1.96,,0.37,,11.52,0.57,10.62,4.96,12.04,3.65,4.87,2.77,4.16,3.71,36.29,6.42,56.87,78.74,0.56,1.27,0.96,1.0,1.05,0.15,0.39,1.42,0.29
65,2024-06-12,CCC,2.07,,0.4,12.9,8.48,0.57,11.3,4.5,12.15,5.37,4.42,3.03,4.39,3.98,39.99,5.98,33.43,88.67,0.55,0.98,0.96,0.98,1.06,0.08,0.35,1.42,0.26
66,2015-05-15,CDL,1.68,5.65,0.46,16.48,10.44,0.46,13.26,9.09,12.69,3.8,5.28,3.89,5.04,4.93,,6.46,50.03,106.01,0.55,1.39,0.89,1.0,1.15,0.1,0.39,1.33,0.25
67,2015-08-14,CDL,1.61,7.02,0.47,14.39,12.26,0.4,11.74,8.74,14.5,5.04,5.08,3.6,4.83,4.58,,7.05,62.26,87.44,0.54,1.23,0.91,0.97,1.09,0.14,0.45,1.4,0.28
68,2015-11-13,CDL,1.54,7.09,0.57,14.51,16.31,0.64,16.37,9.3,13.53,4.1,4.0,2.74,3.98,3.62,,6.33,32.13,96.49,0.55,1.2,0.9,0.98,1.17,0.09,0.48,1.35,0.29
69,2016-05-13,CDL,1.44,5.28,0.58,14.53,11.49,0.59,9.97,8.95,18.3,6.63,3.7,3.19,2.68,3.7,,8.44,107.0,87.87,0.52,1.02,0.88,0.97,1.09,0.09,0.47,1.41,0.38
70,2016-08-12,CDL,1.86,6.26,0.63,16.26,15.44,0.68,12.68,10.57,18.3,5.81,3.82,3.17,2.93,3.84,,8.24,87.18,83.82,0.52,0.98,0.86,0.99,1.11,0.11,0.42,1.31,0.28
71,2016-11-14,CDL,1.7,5.43,0.64,17.53,13.23,0.77,13.34,11.04,13.36,5.94,4.64,3.22,3.18,4.37,,8.59,44.12,63.2,0.52,1.11,0.89,0.96,1.12,0.13,0.43,1.33,0.23
72,2017-05-15,CDL,1.63,6.86,0.57,17.03,12.58,0.74,13.55,10.89,14.52,4.46,3.64,2.9,4.01,3.67,,6.49,49.47,59.64,0.53,1.18,0.89,0.93,1.14,0.07,0.45,1.35,0.26
73,2017-08-11,CDL,2.34,7.09,0.91,19.16,17.75,0.87,13.69,11.37,10.02,5.25,4.72,3.23,4.36,4.24,,7.0,79.82,75.2,0.53,1.12,0.88,1.0,1.16,0.09,0.45,1.38,0.22
74,2017-11-15,CDL,2.23,5.21,0.75,16.71,14.67,0.9,12.45,9.92,13.87,7.35,5.9,3.95,5.33,4.45,,7.15,88.71,84.34,0.59,1.47,0.85,0.97,1.18,0.1,0.38,1.34,0.24
75,2018-05-15,CDL,2.2,4.32,0.79,14.22,12.43,0.78,14.07,8.82,16.64,8.7,6.02,4.89,4.21,6.08,,7.36,71.44,83.98,0.53,1.11,0.83,0.95,1.35,0.12,0.45,1.49,0.27
76,2018-08-13,CDL,1.78,4.4,0.57,10.12,8.96,0.53,10.28,6.18,19.4,9.19,7.03,5.49,5.24,6.54,,9.29,47.85,90.65,0.52,1.1,0.8,1.01,1.27,0.17,0.47,1.37,0.24
77,2018-11-15,CDL,1.46,4.03,0.43,8.93,8.87,0.43,7.91,6.53,15.71,7.77,6.83,5.08,5.0,5.08,,8.65,73.91,66.98,0.59,1.44,0.86,0.99,1.29,0.11,0.38,1.28,0.19
78,2019-05-30,CDL,2.17,,0.43,17.36,9.31,0.68,14.39,8.99,9.08,4.7,5.34,2.88,4.55,4.3,,6.54,66.97,92.39,0.66,1.9,1.28,0.89,0.7,0.06,0.32,1.07,0.19
79,2019-08-30,CDL,1.93,,0.41,11.83,10.86,0.69,13.98,6.62,11.31,4.22,4.45,3.08,3.75,3.53,,5.42,43.77,85.38,0.67,1.88,1.28,0.87,0.63,0.07,0.35,1.04,0.19
80,2019-11-29,CDL,1.29,,0.26,12.05,8.01,0.59,11.71,7.14,9.37,3.7,4.47,2.96,3.96,3.01,,5.47,37.33,104.67,0.67,2.06,1.3,0.87,0.61,0.08,0.32,1.06,0.16
81,2020-07-27,CDL,0.86,,0.17,,4.9,0.49,9.17,3.55,6.03,2.25,4.16,2.12,3.35,2.78,,5.33,28.96,81.99,0.65,1.8,1.26,0.87,0.68,0.06,0.33,1.15,0.19
82,2020-08-28,CDL,1.05,,0.22,,8.44,0.47,6.76,4.61,0.99,0.53,3.5,0.17,3.3,0.95,,3.46,6.86,66.2,0.64,1.75,1.22,0.86,0.71,0.16,0.46,1.25,0.24
83,2020-11-27,CDL,0.93,,0.22,,8.41,0.43,7.7,4.67,4.13,1.41,4.04,1.78,4.44,2.14,,4.86,18.63,72.34,0.61,1.53,1.17,0.88,0.69,0.16,0.42,1.18,0.25
84,2021-05-31,CDL,1.89,,0.42,,14.23,0.88,6.01,7.93,6.59,2.94,2.58,2.5,5.04,3.75,,5.06,33.48,46.8,0.61,1.51,1.18,1.0,0.7,0.09,0.41,1.26,0.28
85,2021-08-27,CDL,2.37,,0.56,,17.86,0.85,8.03,9.76,10.1,4.54,3.83,3.7,5.06,4.61,,6.73,13.02,33.19,0.6,1.53,1.16,0.93,0.74,0.18,0.51,1.43,0.3
86,2021-11-19,CDL,2.07,,0.62,18.87,16.14,0.87,10.64,7.64,12.72,6.06,4.26,3.69,5.26,4.7,,6.95,56.97,89.6,0.6,1.57,1.12,0.95,0.81,0.14,0.5,1.48,0.26
87,2022-05-20,CDL,2.02,,0.47,8.67,6.56,0.69,8.45,5.14,12.78,6.4,7.38,5.84,6.78,7.06,,7.2,61.33,20.65,0.63,1.73,1.14,0.92,0.83,0.11,0.43,1.36,0.24
88,2022-08-26,CDL,1.71,,0.37,7.74,5.28,0.56,6.82,4.25,22.28,6.36,7.2,5.38,7.12,7.23,,8.28,74.84,96.51,0.66,1.6,1.13,0.93,0.78,0.1,0.35,1.34,0.22
89,2022-11-18,CDL,1.57,,0.32,9.28,4.9,0.55,4.77,4.55,15.4,5.02,5.86,4.2,6.06,5.36,,7.95,59.67,76.0,0.64,1.51,1.1,0.92,0.84,0.14,0.31,1.29,0.23
90,2023-05-30,CDL,1.49,,0.5,8.04,6.24,0.58,6.98,5.44,18.28,5.02,5.82,3.28,5.9,5.94,,8.58,53.45,104.16,0.57,1.09,1.02,0.96,0.96,0.12,0.36,1.41,0.25
91,2023-10-02,CDL,2.27,,0.38,,,0.55,6.04,5.01,14.17,5.35,5.15,3.19,5.19,5.99,,8.2,46.18,,0.56,1.05,0.99,0.97,1.02,0.14,0.34,1.44,0.26
92,2023-11-17,CDL,1.96,,0.37,,,0.57,10.62,4.96,12.04,3.65,4.87,2.77,4.16,3.71,,6.42,56.87,78.74,0.56,1.27,0.96,1.0,1.05,0.15,0.39,1.42,0.29
93,2024-05-17,CDL,2.07,6.12,0.4,,8.48,0.57,11.3,4.5,12.15,5.37,4.42,3.03,4.39,3.98,,5.98,33.43,88.67,0.55,0.98,0.96,0.98,1.06,0.08,0.35,1.42,0.26
94,2015-11-16,EAH,1.54,7.09,0.57,14.51,16.31,0.64,16.37,9.3,13.53,4.1,4.0,2.74,3.98,3.62,50.42,6.33,32.13,96.49,0.55,1.2,0.9,0.98,1.17,0.09,0.48,1.35,0.29
95,2016-05-16,EAH,1.44,5.28,0.58,,,0.59,9.97,8.95,18.3,6.63,3.7,3.19,2.68,3.7,50.53,8.44,107.0,87.87,0.52,1.02,0.88,0.97,1.09,0.09,0.47,1.41,0.38
96,2016-09-29,EAH,1.86,6.26,0.63,,,0.68,12.68,10.57,18.3,5.81,3.82,3.17,2.93,3.84,51.78,8.24,87.18,83.82,0.52,0.98,0.86,0.99,1.11,0.11,0.42,1.31,0.28
97,2016-11-23,EAH,1.7,5.43,0.64,,,0.77,13.34,11.04,13.36,5.94,4.64,3.22,3.18,4.37,51.18,8.59,44.12,63.2,0.52,1.11,0.89,0.96,1.12,0.13,0.43,1.33,0.23
98,2017-05-30,EAH,1.63,6.86,0.57,,,0.74,13.55,10.89,14.52,4.46,3.64,2.9,4.01,3.67,48.54,6.49,49.47,59.64,0.53,1.18,0.89,0.93,1.14,0.07,0.45,1.35,0.26
99,2017-09-27,EAH,2.34,7.09,0.91,,17.75,0.87,13.69,11.37,10.02,5.25,4.72,3.23,4.36,4.24,50.35,7.0,79.82,75.2,0.53,1.12,0.88,1.0,1.16,0.09,0.45,1.38,0.22
100,2017-11-29,EAH,2.23,5.21,0.75,16.71,14.67,0.9,12.45,9.92,13.87,7.35,5.9,3.95,5.33,4.45,50.54,7.15,88.71,84.34,0.59,1.47,0.85,0.97,1.18,0.1,0.38,1.34,0.24
101,2018-05-24,EAH,2.2,4.32,0.79,14.22,12.43,0.78,14.07,8.82,16.64,8.7,6.02,4.89,4.21,6.08,51.14,7.36,71.44,83.98,0.53,1.11,0.83,0.95,1.35,0.12,0.45,1.49,0.27
102,2018-09-11,EAH,1.78,4.4,0.57,10.12,8.96,0.53,10.28,6.18,19.4,9.19,7.03,5.49,5.24,6.54,51.67,9.29,47.85,90.65,0.52,1.1,0.8,1.01,1.27,0.17,0.47,1.37,0.24
103,2018-11-27,EAH,1.46,4.03,0.43,8.93,8.87,0.43,7.91,6.53,15.71,7.77,6.83,5.08,5.0,5.08,50.76,8.65,73.91,66.98,0.59,1.44,0.86,0.99,1.29,0.11,0.38,1.28,0.19
104,2019-05-30,EAH,2.17,,0.43,17.36,9.31,0.68,14.39,8.99,9.08,4.7,5.34,2.88,4.55,4.3,49.9,6.54,66.97,92.39,0.66,1.9,1.28,0.89,0.7,0.06,0.32,1.07,0.19
105,2019-09-25,EAH,1.93,,0.41,11.83,10.86,0.69,13.98,6.62,11.31,4.22,4.45,3.08,3.75,3.53,49.34,5.42,43.77,85.38,0.67,1.88,1.28,0.87,0.63,0.07,0.35,1.04,0.19
106,2019-11-20,EAH,1.29,,0.26,12.05,8.01,0.59,11.71,7.14,9.37,3.7,4.47,2.96,3.96,3.01,49.2,5.47,37.33,104.67,0.67,2.06,1.3,0.87,0.61,0.08,0.32,1.06,0.16
107,2020-07-29,EAH,0.86,,0.17,8.98,4.9,0.49,9.17,3.55,6.03,2.25,4.16,2.12,3.35,2.78,48.67,5.33,28.96,81.99,0.65,1.8,1.26,0.87,0.68,0.06,0.33,1.15,0.19
108,2020-09-23,EAH,1.05,,0.22,14.51,8.44,0.47,6.76,4.61,0.99,0.53,3.5,0.17,3.3,0.95,48.63,3.46,6.86,66.2,0.64,1.75,1.22,0.86,0.71,0.16,0.46,1.25,0.24
109,2020-11-25,EAH,0.93,,0.22,20.41,8.41,0.43,7.7,4.67,4.13,1.41,4.04,1.78,4.44,2.14,47.86,4.86,18.63,72.34,0.61,1.53,1.17,0.88,0.69,0.16,0.42,1.18,0.25
110,2021-05-26,EAH,1.89,,0.42,17.88,14.23,0.88,6.01,7.93,6.59,2.94,2.58,2.5,5.04,3.75,43.63,5.06,33.48,46.8,0.61,1.51,1.18,1.0,0.7,0.09,0.41,1.26,0.28
111,2021-09-28,EAH,2.37,,0.56,8.69,17.86,0.85,8.03,9.76,10.1,4.54,3.83,3.7,5.06,4.61,44.71,6.73,13.02,33.19,0.6,1.53,1.16,0.93,0.74,0.18,0.51,1.43,0.3
112,2021-11-24,EAH,2.07,,0.62,18.87,16.14,0.87,10.64,7.64,12.72,6.06,4.26,3.69,5.26,4.7,46.31,6.95,56.97,89.6,0.6,1.57,1.12,0.95,0.81,0.14,0.5,1.48,0.26
113,2022-05-27,EAH,2.02,,0.47,8.67,6.56,0.69,8.45,5.14,12.78,6.4,7.38,5.84,6.78,7.06,48.22,7.2,61.33,20.65,0.63,1.73,1.14,0.92,0.83,0.11,0.43,1.36,0.24
114,2022-09-28,EAH,1.71,,0.37,7.74,5.28,0.56,6.82,4.25,22.28,6.36,7.2,5.38,7.12,7.23,48.19,8.28,74.84,96.51,0.66,1.6,1.13,0.93,0.78,0.1,0.35,1.34,0.22
115,2022-11-28,EAH,1.57,,0.32,9.28,4.9,0.55,4.77,4.55,15.4,5.02,5.86,4.2,6.06,5.36,47.81,7.95,59.67,76.0,0.64,1.51,1.1,0.92,0.84,0.14,0.31,1.29,0.23
116,2023-05-26,EAH,1.49,,0.5,8.04,6.24,0.58,6.98,5.44,18.28,5.02,5.82,3.28,5.9,5.94,41.9,8.58,53.45,104.16,0.57,1.09,1.02,0.96,0.96,0.12,0.36,1.41,0.25
117,2023-09-28,EAH,2.27,,0.38,9.55,6.82,0.55,6.04,5.01,14.17,5.35,5.15,3.19,5.19,5.99,37.24,8.2,46.18,86.31,0.56,1.05,0.99,0.97,1.02,0.14,0.34,1.44,0.26
118,2023-11-28,EAH,1.96,7.82,0.37,19.49,11.52,0.57,10.62,4.96,12.04,3.65,4.87,2.77,4.16,3.71,36.29,6.42,56.87,78.74,0.56,1.27,0.96,1.0,1.05,0.15,0.39,1.42,0.29
119,2024-05-27,EAH,2.07,,0.4,12.9,8.48,0.57,11.3,4.5,12.15,5.37,4.42,3.03,4.39,3.98,39.99,5.98,33.43,88.67,0.55,0.98,0.96,0.98,1.06,0.08,0.35,1.42,0.26
120,2010-11-15,HRP,10.55,,4.9,24.4,26.24,5.39,17.58,14.1,1.18,1.1,2.27,2.57,2.41,6.44,31.99,0.98,-69.51,,0.28,0.42,1.39,0.76,0.62,0.27,1.04,1.46,0.84
121,2011-05-13,HRP,10.92,,5.59,46.43,46.84,5.32,44.57,37.35,11.45,8.34,7.63,3.12,7.17,3.21,46.87,9.2,-58.74,36.98,0.47,2.09,1.36,0.83,0.71,0.07,1.13,1.52,0.78
122,2011-08-31,HRP,10.65,,6.59,,52.77,6.37,51.04,43.3,2.81,2.02,5.5,3.08,3.95,2.64,43.76,4.68,-14.12,82.43,0.48,0.74,1.28,0.79,0.79,0.78,1.01,1.36,0.76
123,2011-11-14,HRP,5.46,,4.78,,28.12,4.27,23.22,24.29,4.38,4.31,6.66,3.98,3.8,4.65,43.41,5.11,-18.2,85.66,0.43,0.58,1.29,0.83,0.81,0.61,1.01,1.35,0.8
124,2012-05-15,HRP,5.57,,4.02,23.38,15.55,3.7,2.73,8.97,-2.54,-0.5,1.8,-3.17,2.19,-0.77,40.9,1.53,9.17,91.18,0.44,0.69,1.09,0.85,0.84,0.42,0.94,1.4,0.84
125,2012-08-31,HRP,4.37,,3.18,22.04,17.84,2.68,9.17,6.78,0.96,1.05,7.91,4.57,8.12,5.5,45.07,2.32,30.58,69.07,0.45,0.74,1.12,0.86,0.72,0.23,0.88,1.38,0.84
126,2012-11-14,HRP,3.89,,2.3,20.06,16.4,1.95,10.17,6.83,0.19,0.08,7.56,2.14,7.94,4.88,41.96,2.08,14.94,61.9,0.37,0.65,0.76,0.83,0.88,0.24,0.85,1.79,0.6
127,2013-05-15,HRP,3.75,,2.28,17.28,9.19,1.9,-3.23,5.78,-1.2,-0.77,-2.24,-4.58,-2.11,-3.68,40.55,-0.38,50.48,55.17,0.48,1.04,1.1,0.83,0.76,0.09,0.83,1.39,0.55
128,2013-08-30,HRP,2.99,,1.76,24.07,17.22,1.57,8.79,6.12,2.29,0.76,3.87,-2.16,3.94,0.62,40.33,2.08,35.71,82.87,0.48,1.04,0.89,0.85,0.88,0.09,0.85,1.57,0.64
129,2013-11-14,HRP,3.15,,1.9,15.12,11.6,1.62,9.78,9.18,0.98,0.33,4.34,-0.36,4.56,2.72,39.45,1.93,58.7,85.56,0.46,1.02,0.88,0.85,0.88,0.09,0.72,1.75,0.76
130,2014-05-15,HRP,2.53,,1.54,19.26,15.62,1.73,12.13,10.33,3.15,1.81,7.28,4.24,7.54,5.17,51.52,5.37,37.18,66.14,0.37,0.66,0.7,0.9,0.96,0.22,0.92,1.8,0.76
131,2014-08-29,HRP,2.13,,2.08,19.56,18.34,1.99,18.49,13.16,6.65,3.03,6.56,4.53,6.98,4.54,48.65,5.39,59.31,67.79,0.36,0.7,0.65,0.87,0.95,0.36,0.88,1.93,0.81
132,2014-11-14,HRP,2.17,,1.71,16.87,17.67,1.68,17.92,12.25,7.02,3.17,5.57,3.15,6.45,3.82,45.13,5.61,22.01,89.96,0.42,0.79,0.88,0.93,0.95,0.16,0.94,1.6,0.66
133,2015-05-15,HRP,2.24,,1.44,27.36,19.32,1.76,21.63,11.66,0.76,0.53,5.12,1.89,5.44,2.75,40.78,2.62,20.79,130.75,0.38,0.96,0.97,1.21,0.98,0.15,0.77,1.35,0.66
134,2015-08-31,HRP,2.63,,1.85,19.4,15.21,2.21,13.31,10.05,-1.89,-1.3,1.71,-1.52,2.13,0.76,45.23,1.13,50.45,97.2,0.34,0.57,1.18,1.15,0.94,0.23,0.85,1.57,0.65
135,2015-11-13,HRP,2.47,,1.92,24.96,22.42,2.44,13.71,10.12,0.28,0.15,1.69,0.18,3.91,1.0,41.99,1.39,43.5,93.09,0.37,0.64,0.92,1.21,0.96,0.17,1.08,1.57,0.75
136,2016-05-13,HRP,1.97,,1.7,,12.15,1.88,-2.44,6.1,-4.24,-2.69,-2.82,-0.63,1.59,-1.72,28.58,-2.35,13.17,93.31,0.37,0.64,1.31,1.0,0.82,0.17,0.77,1.37,0.66
137,2016-08-31,HRP,2.32,,1.74,39.84,13.97,1.9,-1.71,6.62,-4.86,-2.61,-0.21,-0.89,2.0,-7.02,31.9,-3.18,67.05,88.26,0.38,0.6,1.32,1.02,0.87,0.16,0.89,1.41,0.65
138,2016-11-14,HRP,2.8,,1.92,,21.67,2.22,-0.8,-0.89,-2.22,-1.11,1.05,-0.14,-2.22,-2.5,42.87,-1.34,39.48,87.96,0.36,0.55,1.06,0.96,0.88,0.13,0.82,1.31,0.72
139,2017-05-29,HRP,1.67,,2.07,,,2.28,-11.16,7.39,-4.36,-4.06,-2.79,-5.68,-2.17,-3.6,37.9,-2.54,62.52,87.94,0.37,0.54,0.87,0.91,0.9,0.15,0.83,1.48,0.57
140,2017-09-29,HRP,1.78,,2.23,,,2.77,-9.18,1.69,-5.28,-3.84,-4.78,-8.54,-4.35,-7.5,38.22,-4.06,59.18,88.01,0.36,0.53,0.88,0.94,0.91,0.15,0.87,1.39,0.63
141,2017-11-27,HRP,1.44,,1.77,,,2.76,-7.03,1.34,-4.49,-3.06,-4.62,-8.34,-3.89,-8.68,40.99,-4.06,26.21,75.42,0.39,0.56,1.01,0.97,0.88,0.08,0.83,1.4,0.57
142,2018-02-26,HRP,1.52,,1.9,,,1.77,10.98,8.57,0.05,-0.9,-0.36,-2.24,3.82,-0.96,47.2,-0.41,24.24,75.37,0.46,0.75,1.08,0.95,0.87,0.17,0.78,1.36,0.55
143,2018-08-27,HRP,1.32,,2.19,,,2.45,10.3,8.24,1.3,0.51,3.26,2.14,-2.78,3.69,48.74,1.67,58.44,100.65,0.42,0.62,1.24,0.97,0.88,0.12,0.75,1.32,0.52
144,2018-12-28,HRP,1.47,,2.01,,,2.33,8.87,8.69,2.14,1.76,2.38,2.88,1.42,3.46,53.97,1.0,69.84,97.56,0.41,0.84,1.25,1.01,0.93,0.06,0.81,1.29,0.58
145,2019-02-25,HRP,1.27,,1.92,,,2.31,-2.06,5.57,-0.38,-0.28,-1.19,0.03,-0.08,2.52,49.26,-1.02,72.33,70.57,0.44,0.82,1.23,1.03,0.89,0.17,0.82,1.28,0.55
146,2019-08-30,HRP,1.44,,1.97,,12.25,2.61,-4.69,-5.74,-5.96,-4.46,-9.44,-8.26,-2.34,-8.27,40.83,-7.3,70.52,,0.48,0.92,1.13,0.86,0.79,0.2,0.88,1.14,0.39
147,2019-12-12,HRP,1.87,,1.86,,11.09,2.59,-2.52,-3.06,-12.66,-7.46,-23.04,-23.62,-3.13,-22.48,43.68,-8.12,71.62,,0.39,0.69,1.21,1.02,0.85,0.46,0.91,1.18,0.45
148,2020-02-28,HRP,1.86,,1.94,,12.7,2.62,-3.22,-4.05,-4.37,-5.52,-26.41,-17.59,-4.28,-17.59,47.8,-9.09,58.76,,0.38,0.61,1.41,1.08,0.85,0.19,0.67,1.24,0.42
149,2020-10-21,HRP,1.74,,2.57,13.45,14.63,3.13,-2.54,-2.83,3.49,-2.06,-9.76,-2.98,2.34,-10.76,46.4,-2.57,64.23,,0.44,0.9,1.18,1.0,0.86,0.15,0.79,1.24,0.44
150,2020-12-29,HRP,2.38,,5.56,20.46,16.62,5.65,-2.27,2.85,5.54,-2.81,-4.7,-1.52,-1.36,-6.68,45.26,-2.64,71.77,,0.44,0.72,1.34,1.02,0.8,0.12,0.71,1.21,0.5
151,2021-03-01,HRP,3.13,,4.76,28.05,23.88,4.4,-3.01,5.1,5.94,-2.69,-3.5,-4.82,0.5,-4.16,40.42,-2.0,79.15,58.49,0.4,0.65,1.49,0.94,0.81,0.27,0.7,1.31,0.49
152,2021-08-30,HRP,3.18,,4.15,17.32,13.34,4.11,7.89,6.0,4.64,1.67,4.25,2.23,3.98,2.41,40.28,2.97,103.22,,0.45,0.72,1.28,0.99,0.86,0.3,1.02,1.18,0.47
153,2021-12-30,HRP,4.98,,6.3,14.78,12.48,6.11,4.92,6.65,3.19,0.19,2.27,0.6,1.65,0.57,27.89,0.74,100.15,,0.4,0.47,1.25,1.1,0.88,0.46,1.3,1.4,0.45
154,2022-02-28,HRP,3.97,,5.1,14.1,10.77,4.87,-3.45,6.77,3.52,-1.51,-2.33,-4.94,1.74,-4.72,29.29,-0.03,87.02,,0.39,0.54,1.3,0.98,0.89,0.42,1.33,1.9,0.52
155,2022-08-29,HRP,2.58,,4.58,,27.71,4.65,6.94,8.75,-2.54,-2.57,1.54,-2.94,-0.76,-3.26,47.66,1.28,86.34,54.98,0.39,0.53,1.08,0.97,0.95,0.5,1.47,1.91,0.44
156,2022-12-29,HRP,1.73,,2.9,,18.57,3.0,6.68,7.54,2.13,-3.63,-0.6,-6.59,-2.02,-5.94,49.1,0.26,14.88,-29.78,0.38,0.47,1.08,1.01,0.96,0.35,1.35,1.93,0.53
157,2023-02-28,HRP,1.47,,2.67,,,2.53,-6.07,6.27,1.64,-3.08,-1.84,-5.36,-3.9,-5.16,46.32,-0.65,56.16,50.61,0.39,0.49,1.35,0.99,0.91,0.12,0.92,1.49,0.59
158,2023-05-30,HRP,1.85,,3.28,36.63,13.48,3.39,-1.23,6.4,0.23,-4.37,-2.67,-8.16,-3.08,-7.31,41.07,-4.04,66.2,87.44,0.43,0.38,1.04,0.97,0.98,0.18,0.99,1.64,0.47
159,2006-08-04,IPO,,,,,,,,,11.84,4.73,3.4,2.43,3.69,3.17,44.92,6.55,43.48,81.03,0.49,0.98,0.72,1.05,1.73,0.14,0.69,1.5,0.33
160,2006-11-03,IPO,4.37,12.41,1.38,42.45,31.24,1.45,29.57,21.19,7.05,4.55,3.1,2.1,3.31,2.78,45.13,6.14,-5.18,85.44,0.45,0.89,0.78,1.03,1.34,0.09,0.5,1.68,0.33
161,2007-02-14,IPO,3.97,7.54,1.34,38.19,27.73,1.42,29.19,17.2,12.22,5.74,4.92,4.11,5.24,5.32,42.54,8.58,36.39,83.78,0.5,0.99,0.75,1.01,1.59,0.18,0.71,1.41,0.44
162,2007-05-07,IPO,5.56,13.24,2.07,42.47,31.13,2.01,30.71,28.18,16.76,6.92,5.35,4.42,4.72,5.5,41.82,9.36,77.5,76.54,0.46,0.86,0.71,1.03,1.51,0.12,0.53,1.6,0.47
163,2007-08-06,IPO,5.81,18.63,2.91,41.82,34.74,2.94,35.91,27.78,18.08,8.28,6.39,5.43,6.01,6.75,44.31,9.75,64.17,73.09,0.44,0.78,0.72,0.91,1.4,0.14,0.74,1.49,0.47
164,2008-02-14,IPO,3.76,5.22,1.42,26.03,20.98,1.24,16.64,13.68,16.66,7.94,7.8,6.88,7.65,8.05,41.03,9.96,31.78,96.07,0.4,0.68,0.68,1.0,1.48,0.29,0.79,1.77,0.44
165,2008-05-05,IPO,3.31,,1.14,24.21,19.37,1.07,19.42,14.51,16.78,9.32,7.86,6.9,6.17,8.39,44.4,10.56,-1.15,92.73,0.45,0.82,0.77,0.94,1.32,0.19,0.69,1.79,0.45
166,2008-08-04,IPO,2.34,,0.83,20.59,16.64,0.75,16.03,13.39,12.36,5.91,7.16,6.16,6.7,7.87,42.64,8.42,-25.33,93.33,0.48,0.91,0.79,0.98,1.42,0.17,0.66,1.74,0.52
167,2008-11-04,IPO,1.82,,0.55,17.75,13.83,0.53,14.57,10.37,12.55,5.23,4.44,4.04,5.02,5.7,42.64,9.52,25.4,95.75,0.5,1.02,0.79,1.0,1.4,0.14,0.6,1.65,0.39
168,2009-02-14,IPO,1.25,,0.43,15.42,9.93,0.54,11.15,8.13,5.01,1.72,3.97,0.82,5.83,0.83,39.8,6.95,97.96,96.29,0.57,1.36,0.79,0.9,1.26,0.17,0.57,1.5,0.34
169,2009-05-14,IPO,0.87,,0.27,12.36,9.16,0.33,7.36,8.59,1.74,0.48,1.85,0.37,2.09,0.58,38.9,3.17,49.84,98.9,0.58,1.37,0.84,0.91,1.24,0.09,0.52,1.35,0.26
170,2009-08-31,IPO,1.26,,0.29,16.8,12.24,0.39,10.49,4.89,2.36,0.64,1.87,0.28,1.99,-0.09,40.06,2.46,-32.74,99.24,0.56,1.3,0.86,0.91,1.24,0.1,0.47,1.21,0.25
171,2009-11-05,IPO,1.43,,0.37,27.62,18.53,0.44,13.74,7.0,1.48,0.3,0.69,0.2,1.81,-0.21,40.65,0.76,-132.95,54.56,0.54,1.23,0.89,0.91,1.28,0.17,0.58,1.5,0.3
172,2010-05-13,IPO,1.66,,0.51,27.34,17.65,0.62,10.32,9.66,13.66,2.62,2.16,1.75,1.95,2.56,42.65,2.37,26.43,93.32,0.52,1.11,0.93,1.01,0.97,0.11,0.5,1.49,0.32
173,2010-08-31,IPO,1.59,,0.51,23.44,19.03,0.59,17.22,12.59,7.81,2.72,2.2,1.76,2.27,2.51,41.06,4.73,34.58,84.76,0.56,1.18,1.04,0.98,0.97,0.11,0.5,1.33,0.21
174,2010-11-09,IPO,1.9,,0.59,26.69,17.54,0.84,18.72,11.74,9.06,5.2,2.97,2.23,3.6,3.08,40.18,6.15,54.8,104.45,0.54,1.19,0.91,0.99,1.0,0.12,0.58,1.5,0.25
175,2011-05-12,IPO,2.41,,0.62,,19.16,0.78,20.42,12.32,13.0,5.76,5.09,3.26,5.11,4.12,40.56,5.69,84.83,103.48,0.53,1.14,0.86,0.99,1.08,0.09,0.54,1.4,0.28
176,2011-08-31,IPO,1.87,,0.54,,13.33,0.76,16.66,10.51,16.22,6.38,4.85,3.87,5.16,4.2,42.64,7.48,67.61,93.93,0.52,1.09,0.88,1.04,1.27,0.13,0.5,1.29,0.32
177,2011-11-09,IPO,1.41,,0.34,,,0.52,10.44,6.39,11.08,4.87,5.4,1.95,5.15,2.4,45.74,6.92,48.2,59.54,0.54,1.18,0.86,1.05,1.26,0.07,0.56,1.38,0.31
178,2012-05-15,IPO,1.76,,0.42,,,0.56,11.9,7.39,11.2,3.68,4.16,2.07,4.2,2.86,44.09,5.24,31.67,58.14,0.53,1.15,0.85,1.05,1.33,0.14,0.5,1.4,0.35
179,2012-08-31,IPO,1.49,,0.37,,,0.51,13.29,10.06,8.78,3.38,3.42,1.87,4.0,2.46,41.94,4.74,29.02,71.51,0.53,1.13,0.86,1.03,1.24,0.15,0.47,1.3,0.24
180,2012-11-14,IPO,1.34,,0.32,,,0.47,10.24,11.31,8.03,3.54,3.34,2.98,4.22,3.2,40.84,4.57,33.94,86.32,0.49,1.07,0.85,0.98,1.27,0.14,0.47,1.33,0.33
181,2013-05-14,IPO,1.46,,0.45,,9.95,0.55,11.81,7.88,9.69,3.72,4.74,1.82,4.7,1.72,42.36,6.3,53.55,111.13,0.49,1.06,0.84,0.97,1.26,0.07,0.52,1.43,0.32
182,2013-08-30,IPO,1.66,,0.47,,,0.57,9.87,8.15,11.09,4.06,4.83,2.88,4.76,2.82,41.38,6.51,74.18,75.38,0.49,1.03,0.89,1.01,1.16,0.07,0.49,1.4,0.29
183,2013-11-14,IPO,1.72,,0.55,,,0.58,11.1,9.35,14.33,5.81,4.76,3.28,4.89,4.06,41.66,6.39,68.81,61.21,0.52,1.15,0.89,0.98,1.15,0.11,0.46,1.42,0.28
184,2014-05-12,IPO,1.43,,0.43,,,0.56,11.59,8.9,14.21,5.99,4.72,3.54,4.48,4.27,40.82,6.38,60.26,96.7,0.56,1.3,0.87,0.96,1.17,0.08,0.47,1.39,0.37
185,2014-08-29,IPO,1.36,,0.46,,,0.58,10.78,7.4,15.43,6.13,6.55,4.77,6.32,5.62,41.18,5.92,75.9,95.74,0.57,1.32,0.87,0.97,1.24,0.09,0.45,1.32,0.32
186,2014-11-14,IPO,1.39,,0.45,,,0.48,11.01,9.07,14.8,6.27,6.53,3.94,5.97,5.09,41.16,8.13,80.13,99.39,0.6,1.48,0.9,1.01,1.1,0.11,0.44,1.31,0.21
187,2015-05-12,IPO,1.68,,0.46,,,0.46,13.26,9.09,12.69,3.8,5.28,3.89,5.04,4.93,44.46,6.46,50.03,106.01,0.55,1.39,0.89,1.0,1.15,0.1,0.39,1.33,0.25
188,2015-08-27,IPO,1.61,,0.47,,12.26,0.4,11.74,8.74,14.5,5.04,5.08,3.6,4.83,4.58,48.61,7.05,62.26,87.44,0.54,1.23,0.91,0.97,1.09,0.14,0.45,1.4,0.28
189,2015-11-10,IPO,1.54,,0.57,,16.31,0.64,16.37,9.3,13.53,4.1,4.0,2.74,3.98,3.62,50.42,6.33,32.13,96.49,0.55,1.2,0.9,0.98,1.17,0.09,0.48,1.35,0.29
190,2016-05-10,IPO,1.44,,0.58,,,0.59,9.97,8.95,18.3,6.63,3.7,3.19,2.68,3.7,50.53,8.44,107.0,87.87,0.52,1.02,0.88,0.97,1.09,0.09,0.47,1.41,0.38
191,2016-08-30,IPO,1.86,,0.63,,,0.68,12.68,10.57,18.3,5.81,3.82,3.17,2.93,3.84,51.78,8.24,87.18,83.82,0.52,0.98,0.86,0.99,1.11,0.11,0.42,1.31,0.28
192,2016-10-26,IPO,1.7,,0.64,,,0.77,13.34,11.04,13.36,5.94,4.64,3.22,3.18,4.37,51.18,8.59,44.12,63.2,0.52,1.11,0.89,0.96,1.12,0.13,0.43,1.33,0.23
193,2017-05-05,IPO,1.63,,0.57,,,0.74,13.55,10.89,14.52,4.46,3.64,2.9,4.01,3.67,48.54,6.49,49.47,59.64,0.53,1.18,0.89,0.93,1.14,0.07,0.45,1.35,0.26
194,2017-08-30,IPO,2.34,,0.91,,,0.87,13.69,11.37,10.02,5.25,4.72,3.23,4.36,4.24,50.35,7.0,79.82,75.2,0.53,1.12,0.88,1.0,1.16,0.09,0.45,1.38,0.22
195,2017-11-13,IPO,2.23,,0.75,,,0.9,12.45,9.92,13.87,7.35,5.9,3.95,5.33,4.45,50.54,7.15,88.71,84.34,0.59,1.47,0.85,0.97,1.18,0.1,0.38,1.34,0.24
196,2018-04-20,IPO,2.2,,0.79,,,0.78,14.07,8.82,16.64,8.7,6.02,4.89,4.21,6.08,51.14,7.36,71.44,83.98,0.53,1.11,0.83,0.95,1.35,0.12,0.45,1.49,0.27
197,2018-08-31,IPO,1.78,,0.57,,,0.53,10.28,6.18,19.4,9.19,7.03,5.49,5.24,6.54,51.67,9.29,47.85,90.65,0.52,1.1,0.8,1.01,1.27,0.17,0.47,1.37,0.24
198,2018-10-26,IPO,1.46,,0.43,,,0.43,7.91,6.53,15.71,7.77,6.83,5.08,5.0,5.08,50.76,8.65,73.91,66.98,0.59,1.44,0.86,0.99,1.29,0.11,0.38,1.28,0.19
199,2019-02-27,IPO,1.49,,0.34,,,0.37,7.92,6.54,7.97,3.08,5.75,2.77,5.38,3.62,46.78,6.06,64.01,92.14,0.49,0.99,0.86,1.01,1.19,0.14,0.46,1.43,0.22
200,2019-08-01,IPO,2.17,,0.43,,,0.68,14.39,8.99,9.08,4.7,5.34,2.88,4.55,4.3,49.9,6.54,66.97,92.39,0.66,1.9,1.28,0.89,0.7,0.06,0.32,1.07,0.19
201,2019-12-12,IPO,1.93,,0.41,,,0.69,13.98,6.62,11.31,4.22,4.45,3.08,3.75,3.53,49.34,5.42,43.77,85.38,0.67,1.88,1.28,0.87,0.63,0.07,0.35,1.04,0.19
202,2020-02-20,IPO,1.29,,0.26,,,0.59,11.71,7.14,9.37,3.7,4.47,2.96,3.96,3.01,49.2,5.47,37.33,104.67,0.67,2.06,1.3,0.87,0.61,0.08,0.32,1.06,0.16
203,2020-09-30,IPO,0.86,,0.17,,,0.49,9.17,3.55,6.03,2.25,4.16,2.12,3.35,2.78,48.67,5.33,28.96,81.99,0.65,1.8,1.26,0.87,0.68,0.06,0.33,1.15,0.19
204,2020-12-30,IPO,1.05,,0.22,,,0.47,6.76,4.61,0.99,0.53,3.5,0.17,3.3,0.95,48.63,3.46,6.86,66.2,0.64,1.75,1.22,0.86,0.71,0.16,0.46,1.25,0.24
205,2021-02-26,IPO,0.93,,0.22,,,0.43,7.7,4.67,4.13,1.41,4.04,1.78,4.44,2.14,47.86,4.86,18.63,72.34,0.61,1.53,1.17,0.88,0.69,0.16,0.42,1.18,0.25
206,2021-08-23,IPO,1.89,,0.42,,,0.88,6.01,7.93,6.59,2.94,2.58,2.5,5.04,3.75,43.63,5.06,33.48,46.8,0.61,1.51,1.18,1.0,0.7,0.09,0.41,1.26,0.28
207,2021-12-22,IPO,2.37,,0.56,,,0.85,8.03,9.76,10.1,4.54,3.83,3.7,5.06,4.61,44.71,6.73,13.02,33.19,0.6,1.53,1.16,0.93,0.74,0.18,0.51,1.43,0.3
208,2022-02-22,IPO,2.07,,0.62,,,0.87,10.64,7.64,12.72,6.06,4.26,3.69,5.26,4.7,46.31,6.95,56.97,89.6,0.6,1.57,1.12,0.95,0.81,0.14,0.5,1.48,0.26
209,2022-12-21,IPO,1.71,,0.37,,5.28,0.56,6.82,4.25,22.28,6.36,7.2,5.38,7.12,7.23,48.19,8.28,74.84,96.51,0.66,1.6,1.13,0.93,0.78,0.1,0.35,1.34,0.22
210,2023-02-22,IPO,1.57,,0.32,,,0.55,4.77,4.55,15.4,5.02,5.86,4.2,6.06,5.36,47.81,7.95,59.67,76.0,0.64,1.51,1.1,0.92,0.84,0.14,0.31,1.29,0.23
211,2023-08-30,IPO,,,0.5,,,0.58,6.98,5.44,18.28,5.02,5.82,3.28,5.9,5.94,41.9,8.58,53.45,104.16,0.57,1.09,1.02,0.96,0.96,0.12,0.36,1.41,0.25
212,2023-12-20,IPO,,,0.38,,,0.55,6.04,5.01,14.17,5.35,5.15,3.19,5.19,5.99,37.24,8.2,46.18,86.31,0.56,1.05,0.99,0.97,1.02,0.14,0.34,1.44,0.26
213,2024-02-28,IPO,,,0.37,,,0.57,10.62,4.96,12.04,3.65,4.87,2.77,4.16,3.71,36.29,6.42,56.87,78.74,0.56,1.27,0.96,1.0,1.05,0.15,0.39,1.42,0.29
214,2005-09-30,LBW,1.03,78.2,1.02,8.52,7.36,0.78,5.63,4.28,12.14,7.39,13.87,11.99,16.98,13.72,37.94,8.54,42.31,41.36,0.37,0.61,0.98,0.96,0.98,0.43,0.61,1.02,0.22
215,2006-08-04,LBW,1.85,7.39,1.56,16.85,14.69,1.55,12.75,9.8,11.62,8.87,5.76,9.01,2.39,11.15,20.96,5.21,51.28,95.3,0.24,0.31,0.59,0.72,1.08,0.11,0.63,1.7,0.76
216,2006-11-03,LBW,1.15,4.15,1.81,11.42,12.13,1.8,8.61,5.21,12.22,9.66,6.88,9.14,2.27,11.09,21.45,5.55,26.22,115.49,0.2,0.27,0.43,0.66,1.38,0.3,1.64,2.47,0.7
217,2007-02-14,LBW,2.45,7.08,1.76,18.03,20.98,1.79,18.56,10.46,10.19,7.91,5.69,8.05,3.03,10.18,21.74,4.83,82.95,70.81,0.18,0.25,0.42,0.7,1.27,1.0,2.31,3.19,0.6
218,2007-05-07,LBW,3.84,9.05,3.61,21.85,24.61,3.6,21.75,18.81,14.0,11.59,12.64,16.53,2.82,16.48,20.51,9.95,96.86,83.83,0.16,0.21,0.18,0.96,1.23,0.34,3.78,5.45,0.91
219,2007-08-06,LBW,5.14,14.11,5.34,31.01,29.22,5.3,26.75,23.16,6.78,3.52,9.4,6.38,2.57,10.02,18.28,5.19,72.08,,0.41,0.78,0.61,0.89,1.32,0.05,1.11,2.55,0.71
220,2008-02-14,LBW,1.4,3.67,0.89,14.41,11.52,1.13,9.89,7.1,12.25,8.56,14.15,10.84,6.33,14.44,22.14,9.57,142.88,,0.31,0.55,0.64,0.88,0.97,0.04,0.64,1.73,0.53
221,2008-05-05,LBW,1.51,2.58,1.23,13.48,10.77,1.42,10.1,8.45,11.82,5.55,11.38,8.17,9.07,4.86,23.7,9.46,189.59,,0.4,0.67,0.83,0.97,1.18,0.12,2.68,3.32,0.81
222,2008-08-04,LBW,0.9,1.33,0.72,6.03,4.23,0.64,3.44,3.81,14.12,10.48,13.04,8.23,9.94,11.42,24.23,14.31,252.33,,0.39,0.64,0.48,0.92,1.81,0.09,2.45,2.45,0.61
223,2008-11-04,LBW,0.77,1.48,0.58,5.71,3.46,0.51,4.35,3.35,6.65,6.0,11.78,7.14,9.53,10.81,22.96,14.59,101.23,59.89,0.26,0.43,0.29,0.9,1.81,0.13,2.95,3.45,0.67
224,2009-02-14,LBW,0.54,1.98,0.4,6.75,3.33,0.51,4.54,2.76,7.77,5.26,8.19,4.0,10.49,7.13,24.87,10.38,57.96,,0.32,0.46,0.58,0.9,1.44,0.22,2.03,2.32,0.6
225,2009-05-14,LBW,0.62,1.97,0.8,14.51,8.28,0.34,4.27,3.14,7.26,5.14,7.91,4.14,10.81,7.36,25.08,8.93,69.42,,0.24,0.34,0.71,0.92,1.29,0.2,0.9,2.3,0.53
226,2009-08-31,LBW,0.92,2.0,1.02,16.82,8.79,0.43,9.41,5.74,2.17,1.92,4.57,1.99,6.59,4.28,23.64,2.48,36.1,0.51,0.2,0.25,0.39,0.94,1.33,0.31,1.96,3.08,0.58
227,2009-11-05,LBW,1.35,2.33,1.28,23.32,9.23,1.11,9.8,5.79,4.37,2.11,3.1,1.65,3.94,3.83,23.48,1.39,36.76,,0.12,0.15,0.27,0.94,1.45,0.8,2.98,4.59,0.64
228,2010-05-13,LBW,1.2,2.81,0.93,12.96,20.26,1.03,12.97,6.55,8.23,5.12,7.95,4.84,1.42,7.96,22.82,4.45,49.37,62.6,0.26,0.36,0.6,1.05,1.38,0.8,1.4,2.22,0.56
229,2010-08-31,LBW,1.2,2.95,0.72,12.39,14.54,0.87,11.11,7.15,8.54,5.67,6.33,4.08,-3.71,6.11,24.15,5.12,82.46,,0.25,0.36,0.56,1.03,1.41,0.81,1.49,2.43,0.55
230,2010-11-09,LBW,1.5,3.59,0.83,29.66,22.19,0.85,12.11,7.2,3.9,3.51,7.2,5.62,2.59,6.96,27.26,3.66,115.29,,0.25,0.37,0.55,0.7,1.39,0.51,1.44,2.38,0.68
231,2011-05-12,LBW,0.89,3.24,0.81,,,0.88,-17.35,7.29,0.75,0.64,-0.75,3.57,5.76,7.37,24.91,-0.17,-2.88,109.8,0.26,0.37,0.7,0.98,1.3,0.18,0.91,1.82,0.7
232,2011-08-31,LBW,1.13,,0.77,11.05,9.71,0.85,7.68,5.77,10.1,6.0,1.09,5.92,5.86,7.51,26.46,0.31,29.21,111.37,0.32,0.46,0.69,1.07,1.3,0.09,0.66,1.84,0.58
233,2011-11-09,LBW,0.72,,0.54,8.27,,0.56,-3.64,4.24,8.35,4.72,-2.39,4.1,1.14,7.0,27.62,-0.86,74.18,94.9,0.29,0.44,0.67,1.02,1.28,0.11,0.74,1.81,0.62
234,2012-05-15,LBW,0.59,,0.45,7.99,7.15,0.52,6.24,3.49,1.18,0.59,5.82,3.22,6.38,6.0,26.94,3.9,38.25,3.93,0.28,0.43,0.71,1.0,1.39,0.08,0.88,1.77,0.63
235,2012-08-31,LBW,0.69,,0.45,,6.55,0.58,6.66,3.78,-13.22,-8.36,8.06,3.51,7.83,5.51,32.5,5.39,43.19,82.49,0.28,0.38,0.54,1.01,1.31,0.08,1.02,2.3,0.59
236,2012-11-14,LBW,0.74,,0.49,,8.11,0.63,7.27,4.41,-11.17,-7.33,7.5,2.79,7.4,4.98,32.02,6.32,47.37,103.12,0.26,0.38,0.56,1.04,1.29,0.09,0.95,2.23,0.61
237,2013-05-14,LBW,0.88,8.89,0.8,12.91,10.26,0.93,10.26,5.57,3.08,1.86,5.89,3.21,5.4,3.55,33.55,3.41,46.17,91.61,0.34,0.54,0.52,1.0,1.62,0.07,0.99,2.17,0.57
238,2013-08-30,LBW,1.05,4.28,0.69,16.17,9.5,0.97,9.79,7.42,4.27,2.8,7.26,2.91,6.55,5.13,31.82,4.64,52.86,55.77,0.34,0.53,0.63,1.13,1.48,0.11,0.84,2.09,0.53
239,2013-11-14,LBW,1.0,6.81,0.95,13.0,9.65,1.07,7.04,6.06,4.29,2.9,7.22,4.35,6.54,5.33,32.16,4.82,70.25,52.85,0.31,0.46,0.81,1.04,1.28,0.18,0.9,1.51,0.58
240,2014-05-12,LBW,1.05,,0.64,22.58,7.89,0.99,6.8,7.92,3.86,1.6,4.48,4.99,3.76,3.28,29.26,2.73,44.75,32.69,0.3,0.45,0.86,1.0,1.08,0.15,1.08,2.08,0.61
241,2014-08-29,LBW,1.04,,0.62,12.08,6.43,0.87,6.56,8.69,4.44,2.53,6.45,3.97,5.95,5.26,28.66,4.12,82.21,56.61,0.33,0.5,0.9,1.01,1.06,0.2,1.05,1.88,0.52
242,2014-11-14,LBW,1.0,,0.63,10.66,7.91,0.96,5.65,5.5,4.61,2.67,6.0,3.91,6.26,4.95,29.98,4.1,53.3,75.36,0.31,0.47,0.75,1.03,1.48,0.18,1.34,2.21,0.51
243,2015-05-12,LBW,0.96,,0.62,12.31,7.72,0.97,5.32,4.4,4.36,2.28,8.04,3.72,7.62,6.84,30.35,4.94,64.88,,0.34,0.54,0.61,0.99,1.47,0.13,1.25,1.81,0.61
244,2015-08-27,LBW,0.99,2.92,0.55,15.06,10.12,0.83,4.91,4.14,3.1,1.75,4.98,2.73,1.84,4.06,29.58,3.2,62.02,,0.35,0.56,0.64,0.98,1.39,0.11,1.14,2.1,0.52
245,2015-11-10,LBW,0.99,,0.59,13.2,10.41,0.87,5.38,6.66,0.39,0.22,2.28,0.34,-1.27,1.19,28.55,1.46,221.05,,0.34,0.54,0.62,1.01,1.43,0.23,1.03,1.77,0.54
246,2016-05-10,LBW,0.91,,0.55,10.21,8.14,0.85,5.71,4.64,2.38,1.22,1.17,1.97,-1.62,-0.02,31.34,0.72,90.29,32.78,0.27,0.37,0.67,0.95,1.14,0.03,0.92,2.02,0.62
247,2016-08-30,LBW,1.02,,0.57,12.66,7.58,0.72,6.27,5.04,1.67,0.9,2.7,1.4,2.5,1.02,33.85,1.74,78.09,109.16,0.38,0.64,0.69,0.94,1.2,0.15,0.85,2.01,0.58
248,2016-10-26,LBW,1.04,,0.56,15.32,7.36,0.83,7.04,5.42,3.47,1.9,4.3,2.86,3.67,2.89,35.37,2.86,98.1,76.64,0.41,0.74,0.73,0.95,1.26,0.07,0.8,1.83,0.55
249,2017-05-05,LBW,0.94,,0.64,13.03,9.72,0.88,11.63,6.82,5.29,2.91,5.83,2.39,5.68,5.4,33.35,4.46,74.24,27.05,0.32,0.2,0.46,0.57,1.32,0.34,0.95,2.73,0.64
250,2017-08-30,LBW,0.97,,0.65,23.81,13.73,0.87,7.24,5.91,5.08,1.61,3.56,2.46,5.01,3.11,32.93,2.33,41.73,62.37,0.35,0.19,0.5,0.55,1.36,0.2,0.69,2.37,0.6
251,2017-11-13,LBW,0.86,,0.69,17.27,7.95,0.76,6.48,5.58,5.55,2.65,5.83,2.85,5.91,5.73,31.09,3.92,71.16,26.23,0.33,0.2,0.48,0.56,1.41,0.19,0.68,2.44,0.57
252,2018-04-20,LBW,0.74,,0.64,14.02,8.29,0.78,7.18,8.06,3.95,1.46,4.5,1.96,5.24,3.35,28.74,2.65,73.71,75.67,0.38,0.23,0.53,0.61,1.4,0.15,0.89,2.54,0.47
253,2018-08-31,LBW,0.72,,0.61,35.34,8.85,0.81,6.55,8.28,2.61,1.02,4.43,1.27,4.47,2.66,29.0,2.6,73.09,94.37,0.4,0.23,0.56,0.68,1.22,0.08,0.78,2.15,0.63
254,2018-10-26,LBW,0.75,,0.8,,18.14,0.94,9.83,10.9,-0.04,-0.09,2.02,-0.16,2.25,0.79,29.02,1.19,7.79,102.53,0.43,0.3,1.2,1.05,0.95,0.02,0.66,1.15,0.5
255,2019-02-27,LBW,0.69,,0.84,11.58,9.43,0.99,9.72,8.01,2.88,0.67,2.63,1.2,3.1,2.5,29.33,3.14,30.22,78.49,0.38,0.35,1.15,1.03,0.96,0.06,0.7,1.2,0.41
256,2019-08-01,LBW,0.65,,0.81,15.94,8.54,1.12,10.03,7.23,1.7,-0.11,2.34,-0.2,2.72,2.19,29.92,2.28,113.23,105.34,0.46,0.4,1.11,1.02,0.96,0.04,0.77,1.24,0.47
257,2019-12-12,LBW,0.57,,0.73,7.45,8.6,1.04,8.93,5.29,7.11,-1.05,2.11,-1.4,2.16,1.73,29.5,2.04,127.32,107.19,0.43,0.46,1.03,1.0,0.97,0.06,0.7,1.41,0.5
258,2020-02-20,LBW,0.57,,0.72,6.49,6.32,1.0,8.07,5.19,8.75,-0.84,2.17,-0.86,2.29,1.98,29.85,2.13,126.08,-31.31,0.41,0.42,1.01,1.0,1.0,0.02,0.88,1.45,0.53
259,2020-09-30,LBW,0.55,6.94,0.54,4.54,4.35,0.72,4.77,3.84,11.59,-0.44,3.72,-0.44,4.26,2.53,28.43,3.71,76.65,,0.42,0.38,0.85,0.91,1.07,0.09,0.7,1.56,0.43
260,2020-12-30,LBW,1.2,7.0,1.16,8.24,6.62,1.16,5.78,5.64,11.65,2.3,0.76,4.86,1.35,4.52,32.17,0.72,64.62,48.13,0.36,0.47,0.87,0.95,1.09,0.09,0.65,1.71,0.39
261,2021-02-26,LBW,1.71,7.19,1.74,10.21,14.96,1.68,8.28,7.25,12.75,8.08,9.79,13.01,11.81,15.96,33.45,5.53,76.26,46.58,0.31,0.39,0.81,0.86,1.15,0.14,0.99,1.76,0.47
262,2021-08-23,LBW,1.31,5.95,1.23,7.97,8.4,1.22,7.86,6.71,10.06,6.44,14.69,12.35,13.8,15.24,35.95,10.22,77.46,38.55,0.36,0.38,0.79,0.84,1.21,0.14,1.13,1.77,0.41
263,2021-12-22,LBW,1.07,5.24,0.94,9.69,7.8,1.13,7.7,7.16,7.79,5.45,12.49,9.8,11.56,11.86,39.0,6.95,84.52,49.29,0.39,0.42,0.84,0.85,1.2,0.1,0.88,1.58,0.34
264,2022-02-22,LBW,0.98,4.48,0.86,7.47,10.01,0.93,6.62,7.03,8.19,5.82,6.41,9.87,3.93,11.84,39.02,4.59,133.52,71.69,0.29,0.33,0.7,0.82,1.2,0.09,0.97,2.03,0.32
265,2022-12-21,LBW,1.1,5.25,1.08,10.57,8.24,1.2,-10.54,6.76,9.69,-0.35,-1.2,-0.35,-0.61,0.53,28.53,-1.2,172.55,-2.61,0.31,0.41,0.75,0.82,1.2,0.07,0.73,1.7,0.35
266,2023-02-22,LBW,1.06,4.15,0.93,10.95,8.18,0.97,-28.38,7.55,-0.47,-0.21,-0.2,-0.23,-0.19,0.35,27.64,-0.08,116.42,-85.55,0.27,0.37,0.59,0.86,1.34,0.13,1.31,2.56,0.84
267,2023-08-30,LBW,1.74,6.56,1.12,29.77,18.19,1.03,11.6,6.8,-1.0,-0.76,3.79,-1.32,2.7,1.09,25.51,3.0,56.14,6.66,0.24,0.31,0.52,0.85,1.37,0.94,1.88,2.84,0.87
268,2023-12-20,LBW,1.43,5.8,1.62,16.51,12.88,1.5,12.33,7.0,0.3,0.21,3.44,0.35,3.03,2.21,28.88,3.5,53.36,54.7,0.19,0.24,0.45,0.82,1.4,1.35,2.31,3.7,0.82
269,2024-02-28,LBW,1.17,5.67,1.37,13.41,12.0,1.35,11.28,6.9,0.88,0.61,3.13,1.03,3.43,1.62,30.68,3.14,53.83,36.79,0.21,0.27,0.62,0.85,1.3,0.65,1.85,2.95,0.81
270,2024-08-30,LBW,1.61,6.22,1.49,10.36,12.3,1.37,8.15,6.92,11.41,8.91,5.87,10.71,3.15,12.81,30.08,2.35,69.97,22.05,0.24,0.32,0.61,0.83,1.5,0.56,1.34,2.37,0.77
271,2006-02-17,LPP,3.71,7.01,0.39,23.67,18.21,0.71,12.51,7.96,18.53,9.21,4.87,3.77,6.69,4.97,38.67,13.52,95.33,75.28,0.6,1.51,0.82,1.0,1.62,0.18,0.66,1.29,0.43
272,2006-05-15,LPP,4.8,11.37,1.66,31.85,25.04,1.84,21.06,13.2,16.24,5.67,5.59,3.51,6.01,4.94,46.04,9.04,62.26,96.44,0.49,0.96,0.85,1.0,1.45,0.06,0.56,1.2,0.34
273,2006-08-11,LPP,3.97,12.24,1.26,26.4,22.14,1.43,17.6,12.53,11.84,4.73,3.4,2.43,3.69,3.17,44.92,6.55,43.48,81.03,0.49,0.98,0.72,1.05,1.73,0.14,0.69,1.5,0.33
274,2006-11-10,LPP,4.37,12.41,1.38,42.45,31.24,1.45,29.57,21.19,7.05,4.55,3.1,2.1,3.31,2.78,45.13,6.14,-5.18,85.44,0.45,0.89,0.78,1.03,1.34,0.09,0.5,1.68,0.33
275,2007-02-27,LPP,3.97,7.54,1.34,38.19,27.73,1.42,29.19,17.2,12.22,5.74,4.92,4.11,5.24,5.32,42.54,8.58,36.39,83.78,0.5,0.99,0.75,1.01,1.59,0.18,0.71,1.41,0.44
276,2007-05-15,LPP,5.56,13.24,2.07,42.47,31.13,2.01,30.71,28.18,16.76,6.92,5.35,4.42,4.72,5.5,41.82,9.36,77.5,76.54,0.46,0.86,0.71,1.03,1.51,0.12,0.53,1.6,0.47
277,2007-08-13,LPP,5.81,18.63,2.91,41.82,34.74,2.94,35.91,27.78,18.08,8.28,6.39,5.43,6.01,6.75,44.31,9.75,64.17,73.09,0.44,0.78,0.72,0.91,1.4,0.14,0.74,1.49,0.47
278,2007-11-13,LPP,5.4,14.35,1.86,36.59,32.01,1.86,30.87,23.76,16.4,7.16,7.49,6.37,5.49,7.92,46.06,9.68,48.05,84.82,0.44,0.79,0.68,1.03,1.5,0.17,0.68,1.83,0.46
279,2008-02-27,LPP,3.76,5.22,1.42,26.03,20.98,1.24,16.64,13.68,16.66,7.94,7.8,6.88,7.65,8.05,41.03,9.96,31.78,96.07,0.4,0.68,0.68,1.0,1.48,0.29,0.79,1.77,0.44
280,2008-05-13,LPP,3.31,10.07,1.14,24.21,19.37,1.07,19.42,14.51,16.78,9.32,7.86,6.9,6.17,8.39,44.4,10.56,-1.15,92.73,0.45,0.82,0.77,0.94,1.32,0.19,0.69,1.79,0.45
281,2008-08-11,LPP,2.34,3.4,0.83,20.59,16.64,0.75,16.03,13.39,12.36,5.91,7.16,6.16,6.7,7.87,42.64,8.42,-25.33,93.33,0.48,0.91,0.79,0.98,1.42,0.17,0.66,1.74,0.52
282,2008-11-14,LPP,1.82,3.16,0.55,17.75,13.83,0.53,14.57,10.37,12.55,5.23,4.44,4.04,5.02,5.7,42.64,9.52,25.4,95.75,0.5,1.02,0.79,1.0,1.4,0.14,0.6,1.65,0.39
283,2009-02-19,LPP,1.25,,0.43,15.42,9.93,0.54,11.15,8.13,5.01,1.72,3.97,0.82,5.83,0.83,39.8,6.95,97.96,96.29,0.57,1.36,0.79,0.9,1.26,0.17,0.57,1.5,0.34
284,2009-05-13,LPP,0.87,,0.27,12.36,9.16,0.33,7.36,8.59,1.74,0.48,1.85,0.37,2.09,0.58,38.9,3.17,49.84,98.9,0.58,1.37,0.84,0.91,1.24,0.09,0.52,1.35,0.26
285,2009-08-30,LPP,1.26,,0.29,16.8,12.24,0.39,10.49,4.89,2.36,0.64,1.87,0.28,1.99,-0.09,40.06,2.46,-32.74,99.24,0.56,1.3,0.86,0.91,1.24,0.1,0.47,1.21,0.25
286,2009-11-10,LPP,1.43,,0.37,27.62,18.53,0.44,13.74,7.0,1.48,0.3,0.69,0.2,1.81,-0.21,40.65,0.76,-132.95,54.56,0.54,1.23,0.89,0.91,1.28,0.17,0.58,1.5,0.3
287,2010-02-18,LPP,1.38,,0.49,22.32,14.91,0.51,7.25,10.3,3.78,0.08,2.02,0.07,0.99,1.92,42.36,2.9,27.39,86.67,0.53,1.08,0.88,0.89,1.29,0.2,0.72,1.53,0.28
288,2010-05-13,LPP,1.66,,0.51,27.34,17.65,0.62,10.32,9.66,13.66,2.62,2.16,1.75,1.95,2.56,42.65,2.37,26.43,93.32,0.52,1.11,0.93,1.01,0.97,0.11,0.5,1.49,0.32
289,2010-08-27,LPP,1.59,,0.51,23.44,19.03,0.59,17.22,12.59,7.81,2.72,2.2,1.76,2.27,2.51,41.06,4.73,34.58,84.76,0.56,1.18,1.04,0.98,0.97,0.11,0.5,1.33,0.21
290,2010-11-09,LPP,1.9,,0.59,26.69,17.54,0.84,18.72,11.74,9.06,5.2,2.97,2.23,3.6,3.08,40.18,6.15,54.8,104.45,0.54,1.19,0.91,0.99,1.0,0.12,0.58,1.5,0.25
291,2011-02-23,LPP,1.81,5.01,0.54,22.16,17.43,0.81,19.93,11.11,15.72,7.02,5.62,4.38,5.44,5.6,40.0,6.75,64.05,104.83,0.52,1.2,0.87,0.97,1.17,0.2,0.69,1.55,0.38
292,2011-05-11,LPP,2.41,6.93,0.62,21.45,19.16,0.78,20.42,12.32,13.0,5.76,5.09,3.26,5.11,4.12,40.56,5.69,84.83,103.48,0.53,1.14,0.86,0.99,1.08,0.09,0.54,1.4,0.28
293,2011-08-29,LPP,1.87,,0.54,18.1,13.33,0.76,16.66,10.51,16.22,6.38,4.85,3.87,5.16,4.2,42.64,7.48,67.61,93.93,0.52,1.09,0.88,1.04,1.27,0.13,0.5,1.29,0.32
294,2011-11-09,LPP,1.41,4.67,0.34,15.76,6.5,0.52,10.44,6.39,11.08,4.87,5.4,1.95,5.15,2.4,45.74,6.92,48.2,,0.54,1.18,0.86,1.05,1.26,0.07,0.56,1.38,0.31
295,2012-02-24,LPP,1.21,3.57,0.36,13.96,6.8,0.52,8.85,5.22,9.49,3.36,5.71,1.62,5.83,2.35,44.08,6.25,51.08,65.9,0.58,1.43,0.81,0.99,1.35,0.15,0.52,1.46,0.42
296,2012-05-10,LPP,1.76,4.67,0.42,13.74,10.84,0.56,11.9,7.39,11.2,3.68,4.16,2.07,4.2,2.86,44.09,5.24,31.67,58.14,0.53,1.15,0.85,1.05,1.33,0.14,0.5,1.4,0.35
297,2012-08-23,LPP,1.49,4.07,0.37,15.74,12.26,0.51,13.29,10.06,8.78,3.38,3.42,1.87,4.0,2.46,41.94,4.74,29.02,71.51,0.53,1.13,0.86,1.03,1.24,0.15,0.47,1.3,0.24
298,2012-11-09,LPP,1.34,5.02,0.32,13.47,8.24,0.47,10.24,11.31,8.03,3.54,3.34,2.98,4.22,3.2,40.84,4.57,33.94,86.32,0.49,1.07,0.85,0.98,1.27,0.14,0.47,1.33,0.33
299,2013-02-14,LPP,1.31,4.93,0.36,18.11,6.66,0.44,10.16,6.74,7.86,2.43,4.36,1.94,4.34,2.21,43.83,5.5,58.42,36.06,0.53,1.35,0.89,0.94,1.23,0.16,0.59,1.53,0.34
300,2013-05-10,LPP,1.46,4.61,0.45,20.15,9.95,0.55,11.81,7.88,9.69,3.72,4.74,1.82,4.7,1.72,42.36,6.3,53.55,111.13,0.49,1.06,0.84,0.97,1.26,0.07,0.52,1.43,0.32
301,2013-08-22,LPP,1.66,8.19,0.47,12.04,9.02,0.57,9.87,8.15,11.09,4.06,4.83,2.88,4.76,2.82,41.38,6.51,74.18,75.38,0.49,1.03,0.89,1.01,1.16,0.07,0.49,1.4,0.29
302,2013-11-12,LPP,1.72,5.67,0.55,13.73,9.85,0.58,11.1,9.35,14.33,5.81,4.76,3.28,4.89,4.06,41.66,6.39,68.81,61.21,0.52,1.15,0.89,0.98,1.15,0.11,0.46,1.42,0.28
303,2014-02-13,LPP,1.54,6.45,0.47,12.71,12.69,0.54,12.96,9.65,14.7,5.99,5.08,3.74,5.1,4.71,43.18,6.35,81.93,83.71,0.52,1.22,0.87,0.97,1.16,0.17,0.61,1.42,0.37
304,2014-05-09,LPP,1.43,8.12,0.43,12.87,9.3,0.56,11.59,8.9,14.21,5.99,4.72,3.54,4.48,4.27,40.82,6.38,60.26,96.7,0.56,1.3,0.87,0.96,1.17,0.08,0.47,1.39,0.37
305,2014-08-21,LPP,1.36,6.54,0.46,11.41,9.42,0.58,10.78,7.4,15.43,6.13,6.55,4.77,6.32,5.62,41.18,5.92,75.9,95.74,0.57,1.32,0.87,0.97,1.24,0.09,0.45,1.32,0.32
306,2014-11-07,LPP,1.39,10.04,0.45,15.34,8.79,0.48,11.01,9.07,14.8,6.27,6.53,3.94,5.97,5.09,41.16,8.13,80.13,99.39,0.6,1.48,0.9,1.01,1.1,0.11,0.44,1.31,0.21
307,2015-02-19,LPP,1.36,5.56,0.45,10.97,8.06,0.43,8.59,7.18,14.33,5.74,6.05,4.14,5.33,5.14,44.41,8.39,73.48,84.84,0.51,1.05,0.9,0.98,1.17,0.17,0.45,1.46,0.3
308,2015-05-12,LPP,1.68,5.65,0.46,16.48,10.44,0.46,13.26,9.09,12.69,3.8,5.28,3.89,5.04,4.93,44.46,6.46,50.03,106.01,0.55,1.39,0.89,1.0,1.15,0.1,0.39,1.33,0.25
309,2015-08-20,LPP,1.61,7.02,0.47,14.39,12.26,0.4,11.74,8.74,14.5,5.04,5.08,3.6,4.83,4.58,48.61,7.05,62.26,87.44,0.54,1.23,0.91,0.97,1.09,0.14,0.45,1.4,0.28
310,2015-11-12,LPP,1.54,7.09,0.57,14.51,16.31,0.64,16.37,9.3,13.53,4.1,4.0,2.74,3.98,3.62,50.42,6.33,32.13,96.49,0.55,1.2,0.9,0.98,1.17,0.09,0.48,1.35,0.29
311,2016-02-19,LPP,1.36,6.27,0.64,14.71,11.4,0.65,10.27,9.66,18.59,7.39,3.57,2.85,3.81,3.55,46.77,8.02,62.14,91.22,0.47,0.89,0.83,1.0,1.22,0.12,0.44,1.35,0.28
312,2016-05-12,LPP,1.44,5.28,0.58,14.53,11.49,0.59,9.97,8.95,18.3,6.63,3.7,3.19,2.68,3.7,50.53,8.44,107.0,87.87,0.52,1.02,0.88,0.97,1.09,0.09,0.47,1.41,0.38
313,2016-08-30,LPP,1.86,6.26,0.63,16.26,15.44,0.68,12.68,10.57,18.3,5.81,3.82,3.17,2.93,3.84,51.78,8.24,87.18,83.82,0.52,0.98,0.86,0.99,1.11,0.11,0.42,1.31,0.28
314,2016-11-14,LPP,1.7,5.43,0.64,17.53,13.23,0.77,13.34,11.04,13.36,5.94,4.64,3.22,3.18,4.37,51.18,8.59,44.12,63.2,0.52,1.11,0.89,0.96,1.12,0.13,0.43,1.33,0.23
315,2017-02-23,LPP,1.84,4.36,0.54,16.16,12.03,0.69,10.55,9.41,16.51,7.07,4.34,2.92,3.87,4.89,48.74,9.32,51.29,55.07,0.54,1.21,0.84,0.97,1.15,0.18,0.46,1.44,0.25
316,2017-05-17,LPP,1.63,6.86,0.57,17.03,12.58,0.74,13.55,10.89,14.52,4.46,3.64,2.9,4.01,3.67,48.54,6.49,49.47,59.64,0.53,1.18,0.89,0.93,1.14,0.07,0.45,1.35,0.26
317,2017-08-30,LPP,2.34,7.09,0.91,19.16,17.75,0.87,13.69,11.37,10.02,5.25,4.72,3.23,4.36,4.24,50.35,7.0,79.82,75.2,0.53,1.12,0.88,1.0,1.16,0.09,0.45,1.38,0.22
318,2017-11-21,LPP,2.23,5.21,0.75,16.71,14.67,0.9,12.45,9.92,13.87,7.35,5.9,3.95,5.33,4.45,50.54,7.15,88.71,84.34,0.59,1.47,0.85,0.97,1.18,0.1,0.38,1.34,0.24
319,2018-05-17,LPP,2.2,4.32,0.79,14.22,12.43,0.78,14.07,8.82,16.64,8.7,6.02,4.89,4.21,6.08,51.14,7.36,71.44,83.98,0.53,1.11,0.83,0.95,1.35,0.12,0.45,1.49,0.27
320,2018-09-04,LPP,1.78,4.4,0.57,10.12,8.96,0.53,10.28,6.18,19.4,9.19,7.03,5.49,5.24,6.54,51.67,9.29,47.85,90.65,0.52,1.1,0.8,1.01,1.27,0.17,0.47,1.37,0.24
321,2018-11-19,LPP,1.46,4.03,0.43,8.93,8.87,0.43,7.91,6.53,15.71,7.77,6.83,5.08,5.0,5.08,50.76,8.65,73.91,66.98,0.59,1.44,0.86,0.99,1.29,0.11,0.38,1.28,0.19
322,2019-05-27,LPP,2.17,,0.43,17.36,9.31,0.68,14.39,8.99,9.08,4.7,5.34,2.88,4.55,4.3,49.9,6.54,66.97,92.39,0.66,1.9,1.28,0.89,0.7,0.06,0.32,1.07,0.19
323,2019-09-11,LPP,1.93,,0.41,11.83,10.86,0.69,13.98,6.62,11.31,4.22,4.45,3.08,3.75,3.53,49.34,5.42,43.77,85.38,0.67,1.88,1.28,0.87,0.63,0.07,0.35,1.04,0.19
324,2019-11-19,LPP,1.29,,0.26,12.05,8.01,0.59,11.71,7.14,9.37,3.7,4.47,2.96,3.96,3.01,49.2,5.47,37.33,104.67,0.67,2.06,1.3,0.87,0.61,0.08,0.32,1.06,0.16
325,2020-06-24,LPP,0.86,,0.17,8.98,4.9,0.49,9.17,3.55,6.03,2.25,4.16,2.12,3.35,2.78,48.67,5.33,28.96,81.99,0.65,1.8,1.26,0.87,0.68,0.06,0.33,1.15,0.19
326,2020-10-08,LPP,1.05,,0.22,,8.44,0.47,6.76,4.61,0.99,0.53,3.5,0.17,3.3,0.95,48.63,3.46,6.86,66.2,0.64,1.75,1.22,0.86,0.71,0.16,0.46,1.25,0.24
327,2020-12-20,LPP,0.93,,0.22,20.41,8.41,0.43,7.7,4.67,4.13,1.41,4.04,1.78,4.44,2.14,47.86,4.86,18.63,72.34,0.61,1.53,1.17,0.88,0.69,0.16,0.42,1.18,0.25
328,2021-06-23,LPP,1.89,,0.42,17.88,14.23,0.88,6.01,7.93,6.59,2.94,2.58,2.5,5.04,3.75,43.63,5.06,33.48,46.8,0.61,1.51,1.18,1.0,0.7,0.09,0.41,1.26,0.28
329,2021-10-05,LPP,2.37,,0.56,8.69,17.86,0.85,8.03,9.76,10.1,4.54,3.83,3.7,5.06,4.61,44.71,6.73,13.02,33.19,0.6,1.53,1.16,0.93,0.74,0.18,0.51,1.43,0.3
330,2021-12-08,LPP,2.07,,0.62,18.87,16.14,0.87,10.64,7.64,12.72,6.06,4.26,3.69,5.26,4.7,46.31,6.95,56.97,89.6,0.6,1.57,1.12,0.95,0.81,0.14,0.5,1.48,0.26
331,2022-06-14,LPP,2.02,,0.47,8.67,6.56,0.69,8.45,5.14,12.78,6.4,7.38,5.84,6.78,7.06,48.22,7.2,61.33,20.65,0.63,1.73,1.14,0.92,0.83,0.11,0.43,1.36,0.24
332,2022-10-05,LPP,1.71,,0.37,7.74,5.28,0.56,6.82,4.25,22.28,6.36,7.2,5.38,7.12,7.23,48.19,8.28,74.84,96.51,0.66,1.6,1.13,0.93,0.78,0.1,0.35,1.34,0.22
333,2022-12-14,LPP,1.57,,0.32,9.28,4.9,0.55,4.77,4.55,15.4,5.02,5.86,4.2,6.06,5.36,47.81,7.95,59.67,76.0,0.64,1.51,1.1,0.92,0.84,0.14,0.31,1.29,0.23
334,2023-06-14,LPP,1.49,,0.5,8.04,6.24,0.58,6.98,5.44,18.28,5.02,5.82,3.28,5.9,5.94,41.9,8.58,53.45,104.16,0.57,1.09,1.02,0.96,0.96,0.12,0.36,1.41,0.25
335,2023-09-21,LPP,2.27,,0.38,9.55,6.82,0.55,6.04,5.01,14.17,5.35,5.15,3.19,5.19,5.99,37.24,8.2,46.18,86.31,0.56,1.05,0.99,0.97,1.02,0.14,0.34,1.44,0.26
336,2023-12-13,LPP,1.96,,0.37,19.49,11.52,0.57,10.62,4.96,12.04,3.65,4.87,2.77,4.16,3.71,36.29,6.42,56.87,78.74,0.56,1.27,0.96,1.0,1.05,0.15,0.39,1.42,0.29
337,2024-06-12,LPP,2.07,,0.4,12.9,8.48,0.57,11.3,4.5,12.15,5.37,4.42,3.03,4.39,3.98,39.99,5.98,33.43,88.67,0.55,0.98,0.96,0.98,1.06,0.08,0.35,1.42,0.26
338,2007-05-15,MIR,,,,,,,,,11.94,7.04,28.98,26.34,12.92,34.86,58.49,11.02,16.43,,0.37,0.63,0.9,1.11,1.49,0.25,1.27,1.59,0.9
339,2007-08-14,MIR,88.96,299.52,93.69,1126.04,393.36,93.99,393.66,337.89,11.42,7.64,41.49,36.68,7.98,44.11,56.81,11.92,2450.3,,0.33,0.5,0.85,1.08,1.52,0.25,1.65,2.1,1.23
340,2008-02-29,MIR,39.59,605.03,39.09,,1135.38,39.71,1135.34,530.95,3.23,1.88,8.21,5.77,8.67,5.5,52.1,7.2,3.9,98.24,0.41,0.71,0.88,1.02,1.09,0.15,1.03,1.35,0.91
341,2008-05-08,MIR,33.56,403.38,32.52,2346.18,617.57,32.86,617.3,351.2,1.54,0.88,24.61,3.74,10.99,1.12,56.22,5.08,-15.44,211.4,0.41,0.75,0.98,1.0,1.04,0.27,1.09,1.4,0.77
342,2008-08-14,MIR,30.0,316.95,28.04,6337.41,551.14,28.54,554.13,310.18,0.92,0.47,7.42,0.81,7.1,0.65,51.47,2.78,-484.08,104.48,0.39,0.68,0.83,1.02,1.15,0.15,0.84,1.43,0.77
343,2008-11-14,MIR,24.83,282.91,24.29,,,24.93,-2592.74,642.97,-5.43,-2.82,6.11,-4.93,6.55,-5.8,48.75,0.96,72.05,117.75,0.38,0.66,0.84,0.96,1.13,0.11,0.94,2.01,0.9
344,2009-02-16,MIR,5.2,,11.72,,,12.43,-4.34,-9.04,3.87,3.7,5.88,4.22,4.48,4.92,48.96,1.82,-219.73,90.42,0.38,0.68,0.86,0.93,1.08,0.49,1.16,1.73,0.8
345,2009-05-15,MIR,0.72,,2.6,,,4.29,-9.43,-12.1,-16.84,-8.38,-16.24,-17.53,-14.5,-21.02,39.26,-5.06,-182.66,109.87,0.41,0.77,1.1,0.99,0.86,0.09,1.23,1.81,0.89
346,2009-08-31,MIR,1.3,,4.71,,,5.74,-9.99,-12.36,-17.55,-11.23,-34.73,-33.52,-14.41,-39.84,40.88,-6.48,-376.43,107.65,0.3,0.46,1.2,1.06,0.83,0.17,0.87,1.32,0.77
347,2009-11-16,MIR,1.31,,5.31,,,6.54,-10.46,-13.13,-17.64,-11.48,-60.27,-55.38,-14.81,-68.17,39.24,-6.93,-213.07,,0.29,0.44,1.3,0.97,0.83,0.05,0.81,1.26,0.95
348,2010-02-26,MIR,6.36,,16.29,,,16.11,9.54,6.62,11.87,4.51,5.07,4.15,2.48,4.89,35.04,6.11,96.12,,0.49,0.95,0.82,0.86,0.98,0.1,0.9,1.26,0.82
349,2010-05-14,MIR,6.92,,16.32,,,16.05,15.47,11.56,-28.67,-16.63,-133.34,-128.61,-16.92,-138.38,38.38,-17.66,534.92,,0.29,0.45,1.16,0.93,0.86,0.7,0.79,1.02,0.62
350,2010-08-27,MIR,7.21,,15.96,,,15.58,10.76,7.8,1.82,1.67,4.96,4.12,5.01,7.04,34.76,2.01,-71.29,,0.28,0.39,1.47,0.84,0.63,0.17,0.89,1.24,0.87
351,2010-11-10,MIR,10.55,,4.9,,,5.39,17.58,14.1,1.18,1.1,2.27,2.57,2.41,6.44,31.99,0.98,-69.51,,0.28,0.42,1.39,0.76,0.62,0.27,1.04,1.46,0.84
352,2011-02-25,MIR,7.6,,11.76,127.13,29.36,11.63,20.0,108.78,14.24,6.79,9.28,7.07,6.67,7.99,52.08,6.5,-11.47,,0.48,0.93,0.95,0.84,0.95,0.07,1.05,1.53,0.84
353,2011-05-11,MIR,10.92,,5.59,46.43,46.84,5.32,44.57,37.35,11.45,8.34,7.63,3.12,7.17,3.21,46.87,9.2,-58.74,,0.47,2.09,1.36,0.83,0.71,0.07,1.13,1.52,0.78
354,2011-08-30,MIR,10.65,,6.59,403.22,52.77,6.37,51.04,43.3,2.81,2.02,5.5,3.08,3.95,2.64,43.76,4.68,-14.12,,0.48,0.74,1.28,0.79,0.79,0.78,1.01,1.36,0.76
355,2011-10-27,MIR,5.46,,4.78,38.51,28.12,4.27,23.22,24.29,4.38,4.31,6.66,3.98,3.8,4.65,43.41,5.11,-18.2,,0.43,0.58,1.29,0.83,0.81,0.61,1.01,1.35,0.8
356,2012-02-24,MIR,4.57,,5.0,,,4.56,3.65,10.25,1.05,0.49,4.47,0.57,4.16,0.88,40.01,3.85,65.9,,0.45,0.95,0.81,0.77,1.09,0.12,1.31,1.88,0.79
357,2012-05-25,MIR,5.57,,4.02,,,3.7,2.73,8.97,-2.54,-0.5,1.8,-3.17,2.19,-0.77,40.9,1.53,9.17,,0.44,0.69,1.09,0.85,0.84,0.42,0.94,1.4,0.84
358,2012-08-14,MIR,4.37,,3.18,,,2.68,9.17,6.78,0.96,1.05,7.91,4.57,8.12,5.5,45.07,2.32,30.58,,0.45,0.74,1.12,0.86,0.72,0.23,0.88,1.38,0.84
359,2012-11-06,MIR,3.89,,2.3,,,1.95,10.17,6.83,0.19,0.08,7.56,2.14,7.94,4.88,41.96,2.08,14.94,61.9,0.37,0.65,0.76,0.83,0.88,0.24,0.85,1.79,0.6
360,2013-05-06,MIR,3.75,,2.28,,,1.9,-3.23,5.78,-1.2,-0.77,-2.24,-4.58,-2.11,-3.68,40.55,-0.38,50.48,,0.48,1.04,1.1,0.83,0.76,0.09,0.83,1.39,0.55
361,2013-08-30,MIR,2.99,,1.76,,,1.57,8.79,6.12,2.29,0.76,3.87,-2.16,3.94,0.62,40.33,2.08,35.71,,0.48,1.04,0.89,0.85,0.88,0.09,0.85,1.57,0.64
362,2013-11-14,MIR,3.15,,1.9,,,1.62,9.78,9.18,0.98,0.33,4.34,-0.36,4.56,2.72,39.45,1.93,58.7,,0.46,1.02,0.88,0.85,0.88,0.09,0.72,1.75,0.76
363,2014-05-15,MIR,2.53,,1.54,,15.62,1.73,12.13,10.33,3.15,1.81,7.28,4.24,7.54,5.17,51.52,5.37,37.18,,0.37,0.66,0.7,0.9,0.96,0.22,0.92,1.8,0.76
364,2014-09-01,MIR,2.13,,2.08,,18.34,1.99,18.49,13.16,6.65,3.03,6.56,4.53,6.98,4.54,48.65,5.39,59.31,67.79,0.36,0.7,0.65,0.87,0.95,0.36,0.88,1.93,0.81
365,2014-11-14,MIR,2.17,,1.71,,17.67,1.68,17.92,12.25,7.02,3.17,5.57,3.15,6.45,3.82,45.13,5.61,22.01,89.96,0.42,0.79,0.88,0.93,0.95,0.16,0.94,1.6,0.66
366,2015-05-15,MIR,2.24,,1.44,,19.32,1.76,21.63,11.66,0.76,0.53,5.12,1.89,5.44,2.75,40.78,2.62,20.79,130.75,0.38,0.96,0.97,1.21,0.98,0.15,0.77,1.35,0.66
367,2015-08-31,MIR,2.63,,1.85,,,2.21,13.31,10.05,-1.89,-1.3,1.71,-1.52,2.13,0.76,45.23,1.13,50.45,,0.34,0.57,1.18,1.15,0.94,0.23,0.85,1.57,0.65
368,2015-11-05,MIR,2.47,,1.92,,22.42,2.44,13.71,10.12,0.28,0.15,1.69,0.18,3.91,1.0,41.99,1.39,43.5,93.09,0.37,0.64,0.92,1.21,0.96,0.17,1.08,1.57,0.75
369,2016-05-12,MIR,1.97,,1.7,,,1.88,-2.44,6.1,-4.24,-2.69,-2.82,-0.63,1.59,-1.72,28.58,-2.35,13.17,,0.37,0.64,1.31,1.0,0.82,0.17,0.77,1.37,0.66
370,2016-08-31,MIR,2.32,,1.74,,,1.9,-1.71,6.62,-4.86,-2.61,-0.21,-0.89,2.0,-7.02,31.9,-3.18,67.05,,0.38,0.6,1.32,1.02,0.87,0.16,0.89,1.41,0.65
371,2016-11-14,MIR,2.8,,1.92,,21.67,2.22,-0.8,-0.89,-2.22,-1.11,1.05,-0.14,-2.22,-2.5,42.87,-1.34,39.48,,0.36,0.55,1.06,0.96,0.88,0.13,0.82,1.31,0.72
372,2017-05-23,MIR,1.67,,2.07,,,2.28,-11.16,7.39,-4.36,-4.06,-2.79,-5.68,-2.17,-3.6,37.9,-2.54,62.52,87.94,0.37,0.54,0.87,0.91,0.9,0.15,0.83,1.48,0.57
373,2017-08-31,MIR,1.78,,2.23,,,2.77,-9.18,1.69,-5.28,-3.84,-4.78,-8.54,-4.35,-7.5,38.22,-4.06,59.18,88.01,0.36,0.53,0.88,0.94,0.91,0.15,0.87,1.39,0.63
374,2017-11-14,MIR,1.44,,1.77,,,2.76,-7.03,1.34,-4.49,-3.06,-4.62,-8.34,-3.89,-8.68,40.99,-4.06,26.21,75.42,0.39,0.56,1.01,0.97,0.88,0.08,0.83,1.4,0.57
375,2018-05-15,MIR,1.32,,2.19,,,2.45,10.3,8.24,1.3,0.51,3.26,2.14,-2.78,3.69,48.74,1.67,58.44,,0.42,0.62,1.24,0.97,0.88,0.12,0.75,1.32,0.52
376,2018-09-28,MIR,1.47,,2.01,,,2.33,8.87,8.69,2.14,1.76,2.38,2.88,1.42,3.46,53.97,1.0,69.84,,0.41,0.84,1.25,1.01,0.93,0.06,0.81,1.29,0.58
377,2018-11-14,MIR,1.27,,1.92,,,2.31,-2.06,5.57,-0.38,-0.28,-1.19,0.03,-0.08,2.52,49.26,-1.02,72.33,,0.44,0.82,1.23,1.03,0.89,0.17,0.82,1.28,0.55
378,2019-05-15,MIR,1.44,,1.97,,,2.61,-4.69,-5.74,-5.96,-4.46,-9.44,-8.26,-2.34,-8.27,40.83,-7.3,70.52,46.7,0.48,0.92,1.13,0.86,0.79,0.2,0.88,1.14,0.39
379,2019-09-27,MIR,1.87,,1.86,,,2.59,-2.52,-3.06,-12.66,-7.46,-23.04,-23.62,-3.13,-22.48,43.68,-8.12,71.62,40.04,0.39,0.69,1.21,1.02,0.85,0.46,0.91,1.18,0.45
380,2019-11-20,MIR,1.86,,1.94,,,2.62,-3.22,-4.05,-4.37,-5.52,-26.41,-17.59,-4.28,-17.59,47.8,-9.09,58.76,56.29,0.38,0.61,1.41,1.08,0.85,0.19,0.67,1.24,0.42
381,2020-05-15,MIR,1.74,,2.57,,,3.13,-2.54,-2.83,3.49,-2.06,-9.76,-2.98,2.34,-10.76,46.4,-2.57,64.23,59.3,0.44,0.9,1.18,1.0,0.86,0.15,0.79,1.24,0.44
382,2020-08-31,MIR,2.38,,5.56,,,5.65,-2.27,2.85,5.54,-2.81,-4.7,-1.52,-1.36,-6.68,45.26,-2.64,71.77,37.98,0.44,0.72,1.34,1.02,0.8,0.12,0.71,1.21,0.5
383,2020-11-16,MIR,3.13,,4.76,,,4.4,-3.01,5.1,5.94,-2.69,-3.5,-4.82,0.5,-4.16,40.42,-2.0,79.15,58.49,0.4,0.65,1.49,0.94,0.81,0.27,0.7,1.31,0.49
384,2021-05-14,MIR,3.18,,4.15,,,4.11,7.89,6.0,4.64,1.67,4.25,2.23,3.98,2.41,40.28,2.97,103.22,37.97,0.45,0.72,1.28,0.99,0.86,0.3,1.02,1.18,0.47
385,2021-08-31,MIR,4.98,,6.3,,,6.11,4.92,6.65,3.19,0.19,2.27,0.6,1.65,0.57,27.89,0.74,100.15,52.46,0.4,0.47,1.25,1.1,0.88,0.46,1.3,1.4,0.45
386,2021-11-12,MIR,3.97,,5.1,,,4.87,-3.45,6.77,3.52,-1.51,-2.33,-4.94,1.74,-4.72,29.29,-0.03,87.02,53.14,0.39,0.54,1.3,0.98,0.89,0.42,1.33,1.9,0.52
387,2022-05-13,MIR,2.58,,4.58,,,4.65,6.94,8.75,-2.54,-2.57,1.54,-2.94,-0.76,-3.26,47.66,1.28,86.34,54.98,0.39,0.53,1.08,0.97,0.95,0.5,1.47,1.91,0.44
388,2022-08-29,MIR,1.73,,2.9,,,3.0,6.68,7.54,2.13,-3.63,-0.6,-6.59,-2.02,-5.94,49.1,0.26,14.88,-29.78,0.38,0.47,1.08,1.01,0.96,0.35,1.35,1.93,0.53
389,2022-11-10,MIR,1.47,,2.67,,,2.53,-6.07,6.27,1.64,-3.08,-1.84,-5.36,-3.9,-5.16,46.32,-0.65,56.16,50.61,0.39,0.49,1.35,0.99,0.91,0.12,0.92,1.49,0.59
390,2023-05-12,MIR,2.01,,3.34,,10.79,3.76,-0.9,5.81,0.73,-2.65,-2.36,-3.78,-1.03,-2.16,47.1,-3.69,79.7,41.32,0.43,0.37,1.18,0.96,0.9,0.46,1.23,1.44,0.53
391,2023-09-08,MIR,2.48,,3.13,,,2.71,-0.98,3.79,2.41,-3.19,-2.94,-4.14,-1.7,-2.56,49.2,-1.15,78.27,59.32,0.41,0.41,1.16,0.83,0.93,0.38,1.51,1.66,0.53
392,2023-11-10,MIR,2.26,,2.09,,11.96,2.3,1.25,3.12,3.23,-2.85,4.38,0.9,-0.14,2.7,49.13,0.02,93.64,83.22,0.44,0.65,0.98,0.99,1.01,0.26,1.38,1.51,0.57
393,2024-05-15,MIR,1.95,,2.94,,10.71,2.86,0.56,3.19,7.25,-1.78,-2.28,-2.8,-10.56,-1.13,40.06,-2.26,119.63,89.97,0.4,0.4,0.87,0.97,1.13,0.51,1.62,1.81,0.53
394,2007-04-27,MON,5.56,13.24,2.07,42.47,31.13,2.01,30.71,28.18,16.76,6.92,5.35,4.42,4.72,5.5,41.82,9.36,77.5,76.54,0.46,0.86,0.71,1.03,1.51,0.12,0.53,1.6,0.47
395,2007-08-14,MON,5.81,18.63,2.91,41.82,34.74,2.94,35.91,27.78,18.08,8.28,6.39,5.43,6.01,6.75,44.31,9.75,64.17,73.09,0.44,0.78,0.72,0.91,1.4,0.14,0.74,1.49,0.47
396,2008-02-27,MON,3.76,5.22,1.42,26.03,20.98,1.24,16.64,13.68,16.66,7.94,7.8,6.88,7.65,8.05,41.03,9.96,31.78,96.07,0.4,0.68,0.68,1.0,1.48,0.29,0.79,1.77,0.44
397,2008-05-14,MON,3.31,10.07,1.14,24.21,19.37,1.07,19.42,14.51,16.78,9.32,7.86,6.9,6.17,8.39,44.4,10.56,-1.15,92.73,0.45,0.82,0.77,0.94,1.32,0.19,0.69,1.79,0.45
398,2008-08-08,MON,2.34,,0.83,20.59,16.64,0.75,16.03,13.39,12.36,5.91,7.16,6.16,6.7,7.87,42.64,8.42,-25.33,93.33,0.48,0.91,0.79,0.98,1.42,0.17,0.66,1.74,0.52
399,2008-11-14,MON,1.82,,0.55,17.75,13.83,0.53,14.57,10.37,12.55,5.23,4.44,4.04,5.02,5.7,42.64,9.52,25.4,95.75,0.5,1.02,0.79,1.0,1.4,0.14,0.6,1.65,0.39
400,2009-02-28,MON,1.25,,0.43,,9.93,0.54,11.15,8.13,5.01,1.72,3.97,0.82,5.83,0.83,39.8,6.95,97.96,96.29,0.57,1.36,0.79,0.9,1.26,0.17,0.57,1.5,0.34
401,2009-05-15,MON,0.87,,0.27,,,0.33,7.36,8.59,1.74,0.48,1.85,0.37,2.09,0.58,38.9,3.17,49.84,98.9,0.58,1.37,0.84,0.91,1.24,0.09,0.52,1.35,0.26
402,2009-08-31,MON,,,0.29,,,0.39,10.49,4.89,2.36,0.64,1.87,0.28,1.99,-0.09,40.06,2.46,-32.74,99.24,0.56,1.3,0.86,0.91,1.24,0.1,0.47,1.21,0.25
403,2010-03-01,MON,,,0.37,,,0.44,13.74,7.0,1.48,0.3,0.69,0.2,1.81,-0.21,40.65,0.76,-132.95,54.56,0.54,1.23,0.89,0.91,1.28,0.17,0.58,1.5,0.3
404,2010-03-01,MON,,,0.49,,,0.51,7.25,10.3,3.78,0.08,2.02,0.07,0.99,1.92,42.36,2.9,27.39,86.67,0.53,1.08,0.88,0.89,1.29,0.2,0.72,1.53,0.28
405,2010-05-17,MON,,,0.51,,,0.62,10.32,9.66,13.66,2.62,2.16,1.75,1.95,2.56,42.65,2.37,26.43,,0.52,1.11,0.93,1.01,0.97,0.11,0.5,1.49,0.32
406,2010-08-31,MON,,,0.51,,,0.59,17.22,12.59,7.81,2.72,2.2,1.76,2.27,2.51,41.06,4.73,34.58,,0.56,1.18,1.04,0.98,0.97,0.11,0.5,1.33,0.21
407,2010-11-15,MON,1.9,5.5,0.59,26.69,,0.84,18.72,11.74,9.06,5.2,2.97,2.23,3.6,3.08,40.18,6.15,54.8,,0.54,1.19,0.91,0.99,1.0,0.12,0.58,1.5,0.25
408,2011-03-01,MON,1.81,5.01,0.54,22.16,17.43,0.81,19.93,11.11,15.72,7.02,5.62,4.38,5.44,5.6,40.0,6.75,64.05,,0.52,1.2,0.87,0.97,1.17,0.2,0.69,1.55,0.38
409,2011-05-16,MON,2.41,6.93,0.62,21.45,19.16,0.78,20.42,12.32,13.0,5.76,5.09,3.26,5.11,4.12,40.56,5.69,84.83,,0.53,1.14,0.86,0.99,1.08,0.09,0.54,1.4,0.28
410,2011-08-31,MON,1.87,6.34,0.54,18.1,,0.76,16.66,10.51,16.22,6.38,4.85,3.87,5.16,4.2,42.64,7.48,67.61,,0.52,1.09,0.88,1.04,1.27,0.13,0.5,1.29,0.32
411,2011-11-14,MON,1.41,4.67,0.34,,,0.52,10.44,6.39,11.08,4.87,5.4,1.95,5.15,2.4,45.74,6.92,48.2,,0.54,1.18,0.86,1.05,1.26,0.07,0.56,1.38,0.31
412,2012-02-29,MON,1.21,3.57,0.36,,,0.52,8.85,5.22,9.49,3.36,5.71,1.62,5.83,2.35,44.08,6.25,51.08,,0.58,1.43,0.81,0.99,1.35,0.15,0.52,1.46,0.42
413,2012-05-15,MON,1.76,4.67,0.42,,,0.56,11.9,7.39,11.2,3.68,4.16,2.07,4.2,2.86,44.09,5.24,31.67,,0.53,1.15,0.85,1.05,1.33,0.14,0.5,1.4,0.35
414,2012-08-15,MON,1.49,4.07,0.37,,12.26,0.51,13.29,10.06,8.78,3.38,3.42,1.87,4.0,2.46,41.94,4.74,29.02,71.51,0.53,1.13,0.86,1.03,1.24,0.15,0.47,1.3,0.24
415,2012-11-14,MON,1.34,5.02,0.32,13.47,8.24,0.47,10.24,11.31,8.03,3.54,3.34,2.98,4.22,3.2,40.84,4.57,33.94,86.32,0.49,1.07,0.85,0.98,1.27,0.14,0.47,1.33,0.33
416,2013-02-26,MON,1.31,4.93,0.36,18.11,6.66,0.44,10.16,6.74,7.86,2.43,4.36,1.94,4.34,2.21,43.83,5.5,58.42,36.06,0.53,1.35,0.89,0.94,1.23,0.16,0.59,1.53,0.34
417,2013-05-15,MON,1.46,4.61,0.45,20.15,9.95,0.55,11.81,7.88,9.69,3.72,4.74,1.82,4.7,1.72,42.36,6.3,53.55,,0.49,1.06,0.84,0.97,1.26,0.07,0.52,1.43,0.32
418,2013-08-14,MON,1.66,8.19,0.47,12.04,9.02,0.57,9.87,8.15,11.09,4.06,4.83,2.88,4.76,2.82,41.38,6.51,74.18,,0.49,1.03,0.89,1.01,1.16,0.07,0.49,1.4,0.29
419,2013-11-14,MON,1.72,5.67,0.55,13.73,9.85,0.58,11.1,9.35,14.33,5.81,4.76,3.28,4.89,4.06,41.66,6.39,68.81,,0.52,1.15,0.89,0.98,1.15,0.11,0.46,1.42,0.28
420,2014-02-20,MON,1.36,5.56,0.45,10.97,8.06,0.43,8.59,7.18,14.33,5.74,6.05,4.14,5.33,5.14,44.41,8.39,73.48,,0.51,1.05,0.9,0.98,1.17,0.17,0.45,1.46,0.3
421,2014-05-09,MON,1.43,8.12,0.43,12.87,9.3,0.56,11.59,8.9,14.21,5.99,4.72,3.54,4.48,4.27,40.82,6.38,60.26,96.7,0.56,1.3,0.87,0.96,1.17,0.08,0.47,1.39,0.37
422,2014-08-19,MON,1.36,6.54,0.46,11.41,9.42,0.58,10.78,7.4,15.43,6.13,6.55,4.77,6.32,5.62,41.18,5.92,75.9,95.74,0.57,1.32,0.87,0.97,1.24,0.09,0.45,1.32,0.32
423,2014-11-12,MON,1.39,10.04,0.45,15.34,8.79,0.48,11.01,9.07,14.8,6.27,6.53,3.94,5.97,5.09,41.16,8.13,80.13,99.39,0.6,1.48,0.9,1.01,1.1,0.11,0.44,1.31,0.21
424,2015-05-12,MON,1.68,5.65,0.46,16.48,10.44,0.46,13.26,9.09,12.69,3.8,5.28,3.89,5.04,4.93,44.46,6.46,50.03,,0.55,1.39,0.89,1.0,1.15,0.1,0.39,1.33,0.25
425,2015-08-26,MON,1.61,7.02,0.47,14.39,12.26,0.4,11.74,8.74,14.5,5.04,5.08,3.6,4.83,4.58,48.61,7.05,62.26,,0.54,1.23,0.91,0.97,1.09,0.14,0.45,1.4,0.28
426,2015-11-13,MON,1.54,7.09,0.57,14.51,16.31,0.64,16.37,9.3,13.53,4.1,4.0,2.74,3.98,3.62,50.42,6.33,32.13,,0.55,1.2,0.9,0.98,1.17,0.09,0.48,1.35,0.29
427,2016-02-16,MON,1.36,6.27,0.64,14.71,11.4,0.65,10.27,9.66,18.59,7.39,3.57,2.85,3.81,3.55,46.77,8.02,62.14,,0.47,0.89,0.83,1.0,1.22,0.12,0.44,1.35,0.28
428,2016-05-11,MON,1.44,5.28,0.58,14.53,11.49,0.59,9.97,8.95,18.3,6.63,3.7,3.19,2.68,3.7,50.53,8.44,107.0,87.87,0.52,1.02,0.88,0.97,1.09,0.09,0.47,1.41,0.38
429,2016-08-24,MON,1.86,6.26,0.63,16.26,15.44,0.68,12.68,10.57,18.3,5.81,3.82,3.17,2.93,3.84,51.78,8.24,87.18,83.82,0.52,0.98,0.86,0.99,1.11,0.11,0.42,1.31,0.28
430,2016-11-08,MON,1.7,5.43,0.64,17.53,13.23,0.77,13.34,11.04,13.36,5.94,4.64,3.22,3.18,4.37,51.18,8.59,44.12,63.2,0.52,1.11,0.89,0.96,1.12,0.13,0.43,1.33,0.23
431,2017-02-24,MON,1.84,4.36,0.54,16.16,12.03,0.69,10.55,9.41,16.51,7.07,4.34,2.92,3.87,4.89,48.74,9.32,51.29,55.07,0.54,1.21,0.84,0.97,1.15,0.18,0.46,1.44,0.25
432,2017-05-19,MON,1.63,6.86,0.57,17.03,12.58,0.74,13.55,10.89,14.52,4.46,3.64,2.9,4.01,3.67,48.54,6.49,49.47,59.64,0.53,1.18,0.89,0.93,1.14,0.07,0.45,1.35,0.26
433,2017-08-25,MON,2.34,7.09,0.91,19.16,17.75,0.87,13.69,11.37,10.02,5.25,4.72,3.23,4.36,4.24,50.35,7.0,79.82,75.2,0.53,1.12,0.88,1.0,1.16,0.09,0.45,1.38,0.22
434,2017-11-16,MON,2.23,5.21,0.75,16.71,14.67,0.9,12.45,9.92,13.87,7.35,5.9,3.95,5.33,4.45,50.54,7.15,88.71,84.34,0.59,1.47,0.85,0.97,1.18,0.1,0.38,1.34,0.24
435,2018-02-27,MON,1.89,4.02,0.65,11.68,12.49,0.68,13.89,7.24,12.11,6.46,5.8,4.12,5.42,5.36,43.23,6.71,72.34,73.35,0.5,1.01,0.77,0.95,1.33,0.22,0.55,1.49,0.3
436,2018-05-22,MON,2.2,4.32,0.79,14.22,12.43,0.78,14.07,8.82,16.64,8.7,6.02,4.89,4.21,6.08,51.14,7.36,71.44,83.98,0.53,1.11,0.83,0.95,1.35,0.12,0.45,1.49,0.27
437,2018-08-28,MON,1.78,4.4,0.57,10.12,8.96,0.53,10.28,6.18,19.4,9.19,7.03,5.49,5.24,6.54,51.67,9.29,47.85,90.65,0.52,1.1,0.8,1.01,1.27,0.17,0.47,1.37,0.24
438,2018-11-21,MON,1.46,4.03,0.43,8.93,8.87,0.43,7.91,6.53,15.71,7.77,6.83,5.08,5.0,5.08,50.76,8.65,73.91,66.98,0.59,1.44,0.86,0.99,1.29,0.11,0.38,1.28,0.19
439,2019-03-01,MON,1.49,4.33,0.34,9.29,7.56,0.37,7.92,6.54,7.97,3.08,5.75,2.77,5.38,3.62,46.78,6.06,64.01,92.14,0.49,0.99,0.86,1.01,1.19,0.14,0.46,1.43,0.22
440,2019-05-30,MON,2.17,6.32,0.43,17.36,9.31,0.68,14.39,8.99,9.08,4.7,5.34,2.88,4.55,4.3,49.9,6.54,66.97,92.39,0.66,1.9,1.28,0.89,0.7,0.06,0.32,1.07,0.19
441,2019-09-27,MON,1.93,8.04,0.41,11.83,10.86,0.69,13.98,6.62,11.31,4.22,4.45,3.08,3.75,3.53,49.34,5.42,43.77,85.38,0.67,1.88,1.28,0.87,0.63,0.07,0.35,1.04,0.19
442,2019-11-26,MON,1.29,8.5,0.26,12.05,8.01,0.59,11.71,7.14,9.37,3.7,4.47,2.96,3.96,3.01,49.2,5.47,37.33,104.67,0.67,2.06,1.3,0.87,0.61,0.08,0.32,1.06,0.16
443,2020-06-01,MON,0.86,5.23,0.17,8.98,4.9,0.49,9.17,3.55,6.03,2.25,4.16,2.12,3.35,2.78,48.67,5.33,28.96,81.99,0.65,1.8,1.26,0.87,0.68,0.06,0.33,1.15,0.19
444,2020-09-22,MON,1.05,6.12,0.22,,,0.47,6.76,4.61,0.99,0.53,3.5,0.17,3.3,0.95,48.63,3.46,6.86,66.2,0.64,1.75,1.22,0.86,0.71,0.16,0.46,1.25,0.24
445,2020-11-17,MON,0.93,5.81,0.22,,,0.43,7.7,4.67,4.13,1.41,4.04,1.78,4.44,2.14,47.86,4.86,18.63,72.34,0.61,1.53,1.17,0.88,0.69,0.16,0.42,1.18,0.25
446,2021-05-27,MON,1.89,,0.42,,,0.88,6.01,7.93,6.59,2.94,2.58,2.5,5.04,3.75,43.63,5.06,33.48,46.8,0.61,1.51,1.18,1.0,0.7,0.09,0.41,1.26,0.28
447,2021-09-24,MON,2.37,12.79,0.56,,,0.85,8.03,9.76,10.1,4.54,3.83,3.7,5.06,4.61,44.71,6.73,13.02,33.19,0.6,1.53,1.16,0.93,0.74,0.18,0.51,1.43,0.3
448,2021-11-29,MON,2.07,8.21,0.62,,,0.87,10.64,7.64,12.72,6.06,4.26,3.69,5.26,4.7,46.31,6.95,56.97,89.6,0.6,1.57,1.12,0.95,0.81,0.14,0.5,1.48,0.26
449,2022-05-30,MON,2.02,4.15,0.47,8.67,6.56,0.69,8.45,5.14,12.78,6.4,7.38,5.84,6.78,7.06,48.22,7.2,61.33,20.65,0.63,1.73,1.14,0.92,0.83,0.11,0.43,1.36,0.24
450,2022-09-30,MON,1.71,5.45,0.37,7.74,5.28,0.56,6.82,4.25,22.28,6.36,7.2,5.38,7.12,7.23,48.19,8.28,74.84,,0.66,1.6,1.13,0.93,0.78,0.1,0.35,1.34,0.22
451,2022-11-28,MON,1.57,2.8,0.32,9.28,4.9,0.55,4.77,4.55,15.4,5.02,5.86,4.2,6.06,5.36,47.81,7.95,59.67,,0.64,1.51,1.1,0.92,0.84,0.14,0.31,1.29,0.23
452,2023-05-30,MON,1.49,5.33,0.5,8.04,6.24,0.58,6.98,5.44,18.28,5.02,5.82,3.28,5.9,5.94,41.9,8.58,53.45,,0.57,1.09,1.02,0.96,0.96,0.12,0.36,1.41,0.25
453,2023-09-29,MON,2.27,9.84,0.38,9.55,6.82,0.55,6.04,5.01,14.17,5.35,5.15,3.19,5.19,5.99,37.24,8.2,46.18,86.31,0.56,1.05,0.99,0.97,1.02,0.14,0.34,1.44,0.26
454,2023-11-29,MON,1.96,7.82,0.37,19.49,11.52,0.57,10.62,4.96,12.04,3.65,4.87,2.77,4.16,3.71,36.29,6.42,56.87,78.74,0.56,1.27,0.96,1.0,1.05,0.15,0.39,1.42,0.29
455,2024-05-24,MON,2.07,6.12,0.4,12.9,8.48,0.57,11.3,4.5,12.15,5.37,4.42,3.03,4.39,3.98,39.99,5.98,33.43,,0.55,0.98,0.96,0.98,1.06,0.08,0.35,1.42,0.26
456,2006-02-13,PRT,2.15,4.02,2.04,39.92,29.44,2.04,14.51,9.11,2.81,1.85,2.37,1.65,0.98,2.27,18.75,2.66,2.21,,0.22,0.3,0.36,0.74,2.31,0.21,0.67,2.76,0.82
457,2006-04-28,PRT,3.31,10.58,2.13,58.18,159.24,2.12,111.93,29.76,3.04,1.36,1.05,2.2,1.28,2.84,18.91,0.81,20.35,,0.15,0.19,0.42,0.67,1.61,0.06,0.53,2.37,0.76
458,2006-08-04,PRT,1.85,7.39,1.56,16.85,14.69,1.55,12.75,9.8,11.62,8.87,5.76,9.01,2.39,11.15,20.96,5.21,51.28,,0.24,0.31,0.59,0.72,1.08,0.11,0.63,1.7,0.76
459,2006-10-31,PRT,1.15,4.15,1.81,11.42,12.13,1.8,8.61,5.21,12.22,9.66,6.88,9.14,2.27,11.09,21.45,5.55,26.22,115.49,0.2,0.27,0.43,0.66,1.38,0.3,1.64,2.47,0.7
460,2007-02-13,PRT,2.45,7.08,1.76,18.03,20.98,1.79,18.56,10.46,10.19,7.91,5.69,8.05,3.03,10.18,21.74,4.83,82.95,70.81,0.18,0.25,0.42,0.7,1.27,1.0,2.31,3.19,0.6
461,2007-04-30,PRT,3.84,9.05,3.61,21.85,24.61,3.6,21.75,18.81,14.0,11.59,12.64,16.53,2.82,16.48,20.51,9.95,96.86,,0.16,0.21,0.18,0.96,1.23,0.34,3.78,5.45,0.91
462,2007-08-29,PRT,5.14,14.11,5.34,31.01,29.22,5.3,26.75,23.16,6.78,3.52,9.4,6.38,2.57,10.02,18.28,5.19,72.08,97.86,0.41,0.78,0.61,0.89,1.32,0.05,1.11,2.55,0.71
463,2007-11-05,PRT,2.88,6.82,1.29,14.5,28.15,1.26,20.58,10.96,10.66,5.82,10.39,6.75,4.7,10.63,20.17,8.95,131.35,98.85,0.29,0.51,0.61,0.87,1.4,0.13,1.29,3.14,0.67
464,2008-02-14,PRT,1.4,3.67,0.89,14.41,11.52,1.13,9.89,7.1,12.25,8.56,14.15,10.84,6.33,14.44,22.14,9.57,142.88,125.26,0.31,0.55,0.64,0.88,0.97,0.04,0.64,1.73,0.53
465,2008-04-30,PRT,1.51,2.58,1.23,13.48,10.77,1.42,10.1,8.45,11.82,5.55,11.38,8.17,9.07,4.86,23.7,9.46,189.59,68.51,0.4,0.67,0.83,0.97,1.18,0.12,2.68,3.32,0.81
466,2008-08-14,PRT,0.9,1.33,0.72,6.03,4.23,0.64,3.44,3.81,14.12,10.48,13.04,8.23,9.94,11.42,24.23,14.31,252.33,63.15,0.39,0.64,0.48,0.92,1.81,0.09,2.45,2.45,0.61
467,2008-11-14,PRT,0.77,1.48,0.58,5.71,3.46,0.51,4.35,3.35,6.65,6.0,11.78,7.14,9.53,10.81,22.96,14.59,101.23,59.89,0.26,0.43,0.29,0.9,1.81,0.13,2.95,3.45,0.67
468,2009-03-02,PRT,0.54,1.98,0.4,6.75,3.33,0.51,4.54,2.76,7.77,5.26,8.19,4.0,10.49,7.13,24.87,10.38,57.96,38.86,0.32,0.46,0.58,0.9,1.44,0.22,2.03,2.32,0.6
469,2009-05-15,PRT,0.62,1.97,0.8,14.51,8.28,0.34,4.27,3.14,7.26,5.14,7.91,4.14,10.81,7.36,25.08,8.93,69.42,,0.24,0.34,0.71,0.92,1.29,0.2,0.9,2.3,0.53
470,2009-08-31,PRT,0.92,2.0,1.02,16.82,8.79,0.43,9.41,5.74,2.17,1.92,4.57,1.99,6.59,4.28,23.64,2.48,36.1,0.51,0.2,0.25,0.39,0.94,1.33,0.31,1.96,3.08,0.58
471,2009-11-16,PRT,1.35,2.33,1.28,23.32,9.23,1.11,9.8,5.79,4.37,2.11,3.1,1.65,3.94,3.83,23.48,1.39,36.76,18.54,0.12,0.15,0.27,0.94,1.45,0.8,2.98,4.59,0.64
472,2010-02-26,PRT,1.09,2.75,1.01,14.13,22.36,0.89,9.3,5.6,1.88,1.7,9.73,2.63,-0.49,4.47,22.72,3.78,39.28,37.75,0.25,0.33,0.56,1.01,1.34,0.27,1.63,2.45,0.62
473,2010-08-31,PRT,1.2,2.95,0.72,12.39,14.54,0.87,11.11,7.15,8.54,5.67,6.33,4.08,-3.71,6.11,24.15,5.12,82.46,26.42,0.25,0.36,0.56,1.03,1.41,0.81,1.49,2.43,0.55
474,2010-11-15,PRT,1.5,3.59,0.83,29.66,22.19,0.85,12.11,7.2,3.9,3.51,7.2,5.62,2.59,6.96,27.26,3.66,115.29,-576.99,0.25,0.37,0.55,0.7,1.39,0.51,1.44,2.38,0.68
475,2011-02-16,PRT,1.5,3.15,0.69,13.45,8.49,0.75,-13.59,5.06,6.53,4.97,-2.53,4.17,5.54,7.08,24.71,-1.76,-106.6,158.23,0.23,0.31,0.54,1.0,1.31,0.28,1.7,2.52,0.62
476,2011-05-16,PRT,0.89,3.24,0.81,123.43,9.41,0.88,-17.35,7.29,0.75,0.64,-0.75,3.57,5.76,7.37,24.91,-0.17,-2.88,109.8,0.26,0.37,0.7,0.98,1.3,0.18,0.91,1.82,0.7
477,2011-08-30,PRT,1.13,1.89,0.77,11.05,9.71,0.85,7.68,5.77,10.1,6.0,1.09,5.92,5.86,7.51,26.46,0.31,29.21,111.37,0.32,0.46,0.69,1.07,1.3,0.09,0.66,1.84,0.58
478,2011-11-14,PRT,0.72,1.76,0.54,8.27,5.68,0.56,-3.64,4.24,8.35,4.72,-2.39,4.1,1.14,7.0,27.62,-0.86,74.18,94.9,0.29,0.44,0.67,1.02,1.28,0.11,0.74,1.81,0.62
479,2012-02-29,PRT,0.59,1.6,0.37,8.91,6.48,0.4,5.72,3.56,1.01,0.51,5.61,2.86,6.31,5.85,26.78,3.18,38.46,55.7,0.26,0.39,0.66,1.05,1.35,0.27,0.96,1.79,0.51
480,2012-05-15,PRT,0.59,3.68,0.45,7.99,7.15,0.52,6.24,3.49,1.18,0.59,5.82,3.22,6.38,6.0,26.94,3.9,38.25,3.93,0.28,0.43,0.71,1.0,1.39,0.08,0.88,1.77,0.63
481,2012-08-31,PRT,0.69,2.18,0.45,12.04,6.55,0.58,6.66,3.78,-13.22,-8.36,8.06,3.51,7.83,5.51,32.5,5.39,43.19,82.49,0.28,0.38,0.54,1.01,1.31,0.08,1.02,2.3,0.59
482,2012-11-14,PRT,0.74,2.09,0.49,15.72,8.11,0.63,7.27,4.41,-11.17,-7.33,7.5,2.79,7.4,4.98,32.02,6.32,47.37,103.12,0.26,0.38,0.56,1.04,1.29,0.09,0.95,2.23,0.61
483,2013-03-01,PRT,0.73,2.21,0.52,10.18,7.37,0.69,7.61,4.35,2.84,1.85,6.54,4.92,5.8,4.96,26.34,3.51,115.11,420.69,0.26,0.39,0.46,1.05,1.6,0.14,1.06,2.41,0.51
484,2013-05-15,PRT,0.88,8.89,0.8,12.91,10.26,0.93,10.26,5.57,3.08,1.86,5.89,3.21,5.4,3.55,33.55,3.41,46.17,91.61,0.34,0.54,0.52,1.0,1.62,0.07,0.99,2.17,0.57
485,2013-08-30,PRT,1.05,4.28,0.69,16.17,9.5,0.97,9.79,7.42,4.27,2.8,7.26,2.91,6.55,5.13,31.82,4.64,52.86,55.77,0.34,0.53,0.63,1.13,1.48,0.11,0.84,2.09,0.53
486,2013-11-12,PRT,1.0,6.81,0.95,13.0,9.65,1.07,7.04,6.06,4.29,2.9,7.22,4.35,6.54,5.33,32.16,4.82,70.25,52.85,0.31,0.46,0.81,1.04,1.28,0.18,0.9,1.51,0.58
487,2014-02-28,PRT,0.92,78.82,0.88,39.87,9.96,1.1,5.82,8.5,1.35,0.86,4.1,4.59,4.2,2.71,29.93,2.68,30.37,93.16,0.27,0.39,0.98,1.0,1.02,0.17,1.02,1.86,0.56
488,2014-05-15,PRT,1.05,12.84,0.64,22.58,7.89,0.99,6.8,7.92,3.86,1.6,4.48,4.99,3.76,3.28,29.26,2.73,44.75,32.69,0.3,0.45,0.86,1.0,1.08,0.15,1.08,2.08,0.61
489,2014-08-29,PRT,1.04,15.49,0.62,12.08,6.43,0.87,6.56,8.69,4.44,2.53,6.45,3.97,5.95,5.26,28.66,4.12,82.21,56.61,0.33,0.5,0.9,1.01,1.06,0.2,1.05,1.88,0.52
490,2014-11-14,PRT,1.0,4.91,0.63,10.66,7.91,0.96,5.65,5.5,4.61,2.67,6.0,3.91,6.26,4.95,29.98,4.1,53.3,75.36,0.31,0.47,0.75,1.03,1.48,0.18,1.34,2.21,0.51
491,2015-02-27,PRT,0.86,3.1,0.52,10.67,7.01,0.82,5.07,4.18,5.61,3.15,7.13,4.68,6.33,5.73,30.07,4.8,76.22,102.13,0.32,0.5,0.6,0.96,1.42,0.29,1.42,1.9,0.48
492,2015-05-15,PRT,0.96,2.77,0.62,12.31,7.72,0.97,5.32,4.4,4.36,2.28,8.04,3.72,7.62,6.84,30.35,4.94,64.88,-20.31,0.34,0.54,0.61,0.99,1.47,0.13,1.25,1.81,0.61
493,2015-08-31,PRT,0.99,2.92,0.55,15.06,10.12,0.83,4.91,4.14,3.1,1.75,4.98,2.73,1.84,4.06,29.58,3.2,62.02,-35.54,0.35,0.56,0.64,0.98,1.39,0.11,1.14,2.1,0.52
494,2015-11-16,PRT,0.99,2.71,0.59,13.2,10.41,0.87,5.38,6.66,0.39,0.22,2.28,0.34,-1.27,1.19,28.55,1.46,221.05,11.06,0.34,0.54,0.62,1.01,1.43,0.23,1.03,1.77,0.54
495,2016-05-16,PRT,0.91,1.52,0.55,10.21,8.14,0.85,5.71,4.64,2.38,1.22,1.17,1.97,-1.62,-0.02,31.34,0.72,90.29,32.78,0.27,0.37,0.67,0.95,1.14,0.03,0.92,2.02,0.62
496,2016-08-31,PRT,1.02,1.85,0.57,12.66,7.58,0.72,6.27,5.04,1.67,0.9,2.7,1.4,2.5,1.02,33.85,1.74,78.09,109.16,0.38,0.64,0.69,0.94,1.2,0.15,0.85,2.01,0.58
497,2016-11-14,PRT,1.04,1.91,0.56,15.32,7.36,0.83,7.04,5.42,3.47,1.9,4.3,2.86,3.67,2.89,35.37,2.86,98.1,76.64,0.41,0.74,0.73,0.95,1.26,0.07,0.8,1.83,0.55
498,2017-05-25,PRT,0.94,2.11,0.64,13.03,9.72,0.88,11.63,6.82,5.29,2.91,5.83,2.39,5.68,5.4,33.35,4.46,74.24,27.05,0.32,0.2,0.46,0.57,1.32,0.34,0.95,2.73,0.64
499,2017-08-31,PRT,0.97,2.41,0.65,23.81,13.73,0.87,7.24,5.91,5.08,1.61,3.56,2.46,5.01,3.11,32.93,2.33,41.73,62.37,0.35,0.19,0.5,0.55,1.36,0.2,0.69,2.37,0.6
500,2017-11-15,PRT,0.86,2.48,0.69,17.27,7.95,0.76,6.48,5.58,5.55,2.65,5.83,2.85,5.91,5.73,31.09,3.92,71.16,26.23,0.33,0.2,0.48,0.56,1.41,0.19,0.68,2.44,0.57
501,2018-05-30,PRT,0.74,2.33,0.64,14.02,8.29,0.78,7.18,8.06,3.95,1.46,4.5,1.96,5.24,3.35,28.74,2.65,73.71,75.67,0.38,0.23,0.53,0.61,1.4,0.15,0.89,2.54,0.47
502,2018-09-28,PRT,0.72,2.28,0.61,35.34,8.85,0.81,6.55,8.28,2.61,1.02,4.43,1.27,4.47,2.66,29.0,2.6,73.09,94.37,0.4,0.23,0.56,0.68,1.22,0.08,0.78,2.15,0.63
503,2018-11-29,PRT,0.75,1.78,0.8,,18.14,0.94,9.83,10.9,-0.04,-0.09,2.02,-0.16,2.25,0.79,29.02,1.19,7.79,102.53,0.43,0.3,1.2,1.05,0.95,0.02,0.66,1.15,0.5
504,2019-05-30,PRT,0.65,2.87,0.81,,8.54,1.12,10.03,7.23,1.7,-0.11,2.34,-0.2,2.72,2.19,29.92,2.28,113.23,105.34,0.46,0.4,1.11,1.02,0.96,0.04,0.77,1.24,0.47
505,2019-09-30,PRT,0.57,2.42,0.73,,8.6,1.04,8.93,5.29,7.11,-1.05,2.11,-1.4,2.16,1.73,29.5,2.04,127.32,107.19,0.43,0.46,1.03,1.0,0.97,0.06,0.7,1.41,0.5
506,2019-11-29,PRT,0.57,2.12,0.72,,6.32,1.0,8.07,5.19,8.75,-0.84,2.17,-0.86,2.29,1.98,29.85,2.13,126.08,,0.41,0.42,1.01,1.0,1.0,0.02,0.88,1.45,0.53
507,2020-06-01,PRT,0.55,6.94,0.54,,4.35,0.72,4.77,3.84,11.59,-0.44,3.72,-0.44,4.26,2.53,28.43,3.71,76.65,61.97,0.42,0.38,0.85,0.91,1.07,0.09,0.7,1.56,0.43
508,2020-09-30,PRT,1.2,7.0,1.16,,6.62,1.16,5.78,5.64,11.65,2.3,0.76,4.86,1.35,4.52,32.17,0.72,64.62,,0.36,0.47,0.87,0.95,1.09,0.09,0.65,1.71,0.39
509,2020-11-30,PRT,1.71,7.19,1.74,,14.96,1.68,8.28,7.25,12.75,8.08,9.79,13.01,11.81,15.96,33.45,5.53,76.26,,0.31,0.39,0.81,0.86,1.15,0.14,0.99,1.76,0.47
510,2021-05-31,PRT,1.31,5.95,1.23,7.97,8.4,1.22,7.86,6.71,10.06,6.44,14.69,12.35,13.8,15.24,35.95,10.22,77.46,,0.36,0.38,0.79,0.84,1.21,0.14,1.13,1.77,0.41
511,2021-09-30,PRT,1.07,5.24,0.94,9.69,7.8,1.13,7.7,7.16,7.79,5.45,12.49,9.8,11.56,11.86,39.0,6.95,84.52,49.29,0.39,0.42,0.84,0.85,1.2,0.1,0.88,1.58,0.34
512,2021-11-29,PRT,0.98,4.48,0.86,7.47,10.01,0.93,6.62,7.03,8.19,5.82,6.41,9.87,3.93,11.84,39.02,4.59,133.52,71.69,0.29,0.33,0.7,0.82,1.2,0.09,0.97,2.03,0.32
513,2022-05-30,PRT,1.37,6.97,1.43,12.99,,1.57,-16.23,10.0,9.4,5.68,-0.14,8.86,0.29,10.71,31.47,-0.14,101.31,139.5,0.34,0.43,0.8,0.9,1.19,0.07,0.82,1.65,0.34
514,2022-09-30,PRT,1.1,5.25,1.08,,,1.2,-10.54,6.76,9.69,-0.35,-1.2,-0.35,-0.61,0.53,28.53,-1.2,172.55,-2.61,0.31,0.41,0.75,0.82,1.2,0.07,0.73,1.7,0.35
515,2022-11-29,PRT,1.06,4.15,0.93,,,0.97,-28.38,7.55,-0.47,-0.21,-0.2,-0.23,-0.19,0.35,27.64,-0.08,116.42,-85.55,0.27,0.37,0.59,0.86,1.34,0.13,1.31,2.56,0.84
516,2023-05-30,PRT,1.74,6.56,1.12,,18.19,1.03,11.6,6.8,-1.0,-0.76,3.79,-1.32,2.7,1.09,25.51,3.0,56.14,6.66,0.24,0.31,0.52,0.85,1.37,0.94,1.88,2.84,0.87
517,2023-09-29,PRT,1.43,5.8,1.62,,12.88,1.5,12.33,7.0,0.3,0.21,3.44,0.35,3.03,2.21,28.88,3.5,53.36,54.7,0.19,0.24,0.45,0.82,1.4,1.35,2.31,3.7,0.82
518,2023-11-29,PRT,1.17,5.67,1.37,,12.0,1.35,11.28,6.9,0.88,0.61,3.13,1.03,3.43,1.62,30.68,3.14,53.83,36.79,0.21,0.27,0.62,0.85,1.3,0.65,1.85,2.95,0.81
519,2024-05-29,PRT,1.61,6.22,1.49,,,1.37,8.15,6.92,11.41,8.91,5.87,10.71,3.15,12.81,30.08,2.35,69.97,22.05,0.24,0.32,0.61,0.83,1.5,0.56,1.34,2.37,0.77
520,2008-08-21,SFG,2.34,3.4,0.83,20.59,16.64,0.75,16.03,13.39,12.36,5.91,7.16,6.16,6.7,7.87,42.64,8.42,-25.33,93.33,0.48,0.91,0.79,0.98,1.42,0.17,0.66,1.74,0.52
521,2009-08-21,SFG,1.26,3.4,0.29,,,0.39,10.49,4.89,2.36,0.64,1.87,0.28,1.99,-0.09,40.06,2.46,-32.74,99.24,0.56,1.3,0.86,0.91,1.24,0.1,0.47,1.21,0.25
522,2013-08-13,SFG,1.66,8.19,0.47,12.04,9.02,0.57,9.87,8.15,11.09,4.06,4.83,2.88,4.76,2.82,41.38,6.51,74.18,75.38,0.49,1.03,0.89,1.01,1.16,0.07,0.49,1.4,0.29
523,2014-08-01,SFG,1.36,6.54,0.46,11.41,9.42,0.58,10.78,7.4,15.43,6.13,6.55,4.77,6.32,5.62,41.18,5.92,75.9,95.74,0.57,1.32,0.87,0.97,1.24,0.09,0.45,1.32,0.32
524,2005-04-14,SNW,1.2,2.47,0.64,7.41,6.39,0.59,4.82,3.85,14.34,8.76,14.57,13.3,6.37,13.86,23.83,10.63,120.32,,0.26,0.37,0.47,0.81,1.12,0.35,0.79,2.4,0.8
525,2006-02-13,SNW,2.15,4.02,2.04,,,2.04,14.51,9.11,2.81,1.85,2.37,1.65,0.98,2.27,18.75,2.66,2.21,109.92,0.22,0.3,0.36,0.74,2.31,0.21,0.67,2.76,0.82
526,2006-05-04,SNW,3.31,10.58,2.13,58.18,159.24,2.12,111.93,29.76,3.04,1.36,1.05,2.2,1.28,2.84,18.91,0.81,20.35,87.41,0.15,0.19,0.42,0.67,1.61,0.06,0.53,2.37,0.76
527,2006-08-03,SNW,1.85,7.39,1.56,16.85,14.69,1.55,12.75,9.8,11.62,8.87,5.76,9.01,2.39,11.15,20.96,5.21,51.28,95.3,0.24,0.31,0.59,0.72,1.08,0.11,0.63,1.7,0.76
528,2006-11-03,SNW,1.15,4.15,1.81,11.42,12.13,1.8,8.61,5.21,12.22,9.66,6.88,9.14,2.27,11.09,21.45,5.55,26.22,115.49,0.2,0.27,0.43,0.66,1.38,0.3,1.64,2.47,0.7
529,2007-02-13,SNW,2.45,7.08,1.76,18.03,20.98,1.79,18.56,10.46,10.19,7.91,5.69,8.05,3.03,10.18,21.74,4.83,82.95,70.81,0.18,0.25,0.42,0.7,1.27,1.0,2.31,3.19,0.6
530,2007-05-15,SNW,3.84,9.05,3.61,21.85,24.61,3.6,21.75,18.81,14.0,11.59,12.64,16.53,2.82,16.48,20.51,9.95,96.86,83.83,0.16,0.21,0.18,0.96,1.23,0.34,3.78,5.45,0.91
531,2007-08-14,SNW,5.14,14.11,5.34,31.01,29.22,5.3,26.75,23.16,6.78,3.52,9.4,6.38,2.57,10.02,18.28,5.19,72.08,97.86,0.41,0.78,0.61,0.89,1.32,0.05,1.11,2.55,0.71
532,2007-11-14,SNW,2.88,6.82,1.29,14.5,28.15,1.26,20.58,10.96,10.66,5.82,10.39,6.75,4.7,10.63,20.17,8.95,131.35,98.85,0.29,0.51,0.61,0.87,1.4,0.13,1.29,3.14,0.67
533,2008-02-14,SNW,1.4,3.67,0.89,14.41,11.52,1.13,9.89,7.1,12.25,8.56,14.15,10.84,6.33,14.44,22.14,9.57,142.88,125.26,0.31,0.55,0.64,0.88,0.97,0.04,0.64,1.73,0.53
534,2008-05-08,SNW,1.51,2.58,1.23,13.48,10.77,1.42,10.1,8.45,11.82,5.55,11.38,8.17,9.07,4.86,23.7,9.46,189.59,,0.4,0.67,0.83,0.97,1.18,0.12,2.68,3.32,0.81
535,2008-08-07,SNW,0.9,1.33,0.72,,,0.64,3.44,3.81,14.12,10.48,13.04,8.23,9.94,11.42,24.23,14.31,252.33,63.15,0.39,0.64,0.48,0.92,1.81,0.09,2.45,2.45,0.61
536,2008-11-14,SNW,0.77,1.48,0.58,,,0.51,4.35,3.35,6.65,6.0,11.78,7.14,9.53,10.81,22.96,14.59,101.23,59.89,0.26,0.43,0.29,0.9,1.81,0.13,2.95,3.45,0.67
537,2009-02-16,SNW,0.54,1.98,0.4,,,0.51,4.54,2.76,7.77,5.26,8.19,4.0,10.49,7.13,24.87,10.38,57.96,38.86,0.32,0.46,0.58,0.9,1.44,0.22,2.03,2.32,0.6
538,2009-05-15,SNW,0.62,1.97,0.8,,,0.34,4.27,3.14,7.26,5.14,7.91,4.14,10.81,7.36,25.08,8.93,69.42,134.94,0.24,0.34,0.71,0.92,1.29,0.2,0.9,2.3,0.53
539,2009-11-13,SNW,1.35,2.33,1.28,,,1.11,9.8,5.79,4.37,2.11,3.1,1.65,3.94,3.83,23.48,1.39,36.76,18.54,0.12,0.15,0.27,0.94,1.45,0.8,2.98,4.59,0.64
540,2010-03-01,SNW,1.09,2.75,1.01,,,0.89,9.3,5.6,1.88,1.7,9.73,2.63,-0.49,4.47,22.72,3.78,39.28,,0.25,0.33,0.56,1.01,1.34,0.27,1.63,2.45,0.62
541,2010-05-14,SNW,1.2,2.81,0.93,,,1.03,12.97,6.55,8.23,5.12,7.95,4.84,1.42,7.96,22.82,4.45,49.37,,0.26,0.36,0.6,1.05,1.38,0.8,1.4,2.22,0.56
542,2010-08-31,SNW,1.2,2.95,0.72,,,0.87,11.11,7.15,8.54,5.67,6.33,4.08,-3.71,6.11,24.15,5.12,82.46,,0.25,0.36,0.56,1.03,1.41,0.81,1.49,2.43,0.55
543,2010-11-15,SNW,1.5,3.59,0.83,,,0.85,12.11,7.2,3.9,3.51,7.2,5.62,2.59,6.96,27.26,3.66,115.29,,0.25,0.37,0.55,0.7,1.39,0.51,1.44,2.38,0.68
544,2011-03-01,SNW,1.5,3.15,0.69,,,0.75,-13.59,5.06,6.53,4.97,-2.53,4.17,5.54,7.08,24.71,-1.76,-106.6,,0.23,0.31,0.54,1.0,1.31,0.28,1.7,2.52,0.62
545,2011-05-16,SNW,0.89,3.24,0.81,123.43,,0.88,-17.35,7.29,0.75,0.64,-0.75,3.57,5.76,7.37,24.91,-0.17,-2.88,,0.26,0.37,0.7,0.98,1.3,0.18,0.91,1.82,0.7
546,2011-08-31,SNW,1.13,1.89,0.77,,,0.85,7.68,5.77,10.1,6.0,1.09,5.92,5.86,7.51,26.46,0.31,29.21,,0.32,0.46,0.69,1.07,1.3,0.09,0.66,1.84,0.58
547,2011-11-14,SNW,0.72,1.76,0.54,,,0.56,-3.64,4.24,8.35,4.72,-2.39,4.1,1.14,7.0,27.62,-0.86,74.18,94.9,0.29,0.44,0.67,1.02,1.28,0.11,0.74,1.81,0.62
548,2012-02-29,SNW,0.59,1.6,0.37,,,0.4,5.72,3.56,1.01,0.51,5.61,2.86,6.31,5.85,26.78,3.18,38.46,55.7,0.26,0.39,0.66,1.05,1.35,0.27,0.96,1.79,0.51
549,2012-05-15,SNW,0.59,3.68,0.45,,,0.52,6.24,3.49,1.18,0.59,5.82,3.22,6.38,6.0,26.94,3.9,38.25,3.93,0.28,0.43,0.71,1.0,1.39,0.08,0.88,1.77,0.63
550,2012-08-31,SNW,0.69,2.18,0.45,,,0.58,6.66,3.78,-13.22,-8.36,8.06,3.51,7.83,5.51,32.5,5.39,43.19,82.49,0.28,0.38,0.54,1.01,1.31,0.08,1.02,2.3,0.59
551,2012-11-14,SNW,0.74,2.09,0.49,,,0.63,7.27,4.41,-11.17,-7.33,7.5,2.79,7.4,4.98,32.02,6.32,47.37,103.12,0.26,0.38,0.56,1.04,1.29,0.09,0.95,2.23,0.61
552,2013-03-01,SNW,0.73,2.21,0.52,,,0.69,7.61,4.35,2.84,1.85,6.54,4.92,5.8,4.96,26.34,3.51,115.11,420.69,0.26,0.39,0.46,1.05,1.6,0.14,1.06,2.41,0.51
553,2013-05-15,SNW,0.88,8.89,0.8,,,0.93,10.26,5.57,3.08,1.86,5.89,3.21,5.4,3.55,33.55,3.41,46.17,91.61,0.34,0.54,0.52,1.0,1.62,0.07,0.99,2.17,0.57
554,2013-08-30,SNW,1.05,4.28,0.69,,,0.97,9.79,7.42,4.27,2.8,7.26,2.91,6.55,5.13,31.82,4.64,52.86,55.77,0.34,0.53,0.63,1.13,1.48,0.11,0.84,2.09,0.53
555,2013-11-14,SNW,1.0,6.81,0.95,,,1.07,7.04,6.06,4.29,2.9,7.22,4.35,6.54,5.33,32.16,4.82,70.25,52.85,0.31,0.46,0.81,1.04,1.28,0.18,0.9,1.51,0.58
556,2014-02-26,SNW,0.92,78.82,0.88,,,1.1,5.82,8.5,1.35,0.86,4.1,4.59,4.2,2.71,29.93,2.68,30.37,93.16,0.27,0.39,0.98,1.0,1.02,0.17,1.02,1.86,0.56
557,2014-05-15,SNW,1.05,12.84,0.64,,,0.99,6.8,7.92,3.86,1.6,4.48,4.99,3.76,3.28,29.26,2.73,44.75,32.69,0.3,0.45,0.86,1.0,1.08,0.15,1.08,2.08,0.61
558,2014-08-29,SNW,1.04,15.49,0.62,,,0.87,6.56,8.69,4.44,2.53,6.45,3.97,5.95,5.26,28.66,4.12,82.21,56.61,0.33,0.5,0.9,1.01,1.06,0.2,1.05,1.88,0.52
559,2014-11-14,SNW,1.0,4.91,0.63,,,0.96,5.65,5.5,4.61,2.67,6.0,3.91,6.26,4.95,29.98,4.1,53.3,75.36,0.31,0.47,0.75,1.03,1.48,0.18,1.34,2.21,0.51
560,2015-03-02,SNW,0.86,3.1,0.52,,,0.82,5.07,4.18,5.61,3.15,7.13,4.68,6.33,5.73,30.07,4.8,76.22,102.13,0.32,0.5,0.6,0.96,1.42,0.29,1.42,1.9,0.48
561,2015-05-15,SNW,0.96,2.77,0.62,,,0.97,5.32,4.4,4.36,2.28,8.04,3.72,7.62,6.84,30.35,4.94,64.88,-20.31,0.34,0.54,0.61,0.99,1.47,0.13,1.25,1.81,0.61
562,2015-08-31,SNW,0.99,2.92,0.55,,,0.83,4.91,4.14,3.1,1.75,4.98,2.73,1.84,4.06,29.58,3.2,62.02,-35.54,0.35,0.56,0.64,0.98,1.39,0.11,1.14,2.1,0.52
563,2015-11-13,SNW,0.99,2.71,0.59,,,0.87,5.38,6.66,0.39,0.22,2.28,0.34,-1.27,1.19,28.55,1.46,221.05,,0.34,0.54,0.62,1.01,1.43,0.23,1.03,1.77,0.54
564,2016-02-29,SNW,0.94,6.94,0.56,,,0.71,5.54,4.57,1.58,0.87,2.62,1.29,-0.04,1.65,29.27,1.76,60.5,,0.29,0.4,0.64,0.82,1.42,0.16,0.89,2.11,0.58
565,2016-05-13,SNW,0.91,1.52,0.55,,,0.85,5.71,4.64,2.38,1.22,1.17,1.97,-1.62,-0.02,31.34,0.72,90.29,32.78,0.27,0.37,0.67,0.95,1.14,0.03,0.92,2.02,0.62
566,2016-08-31,SNW,1.02,1.85,0.57,,,0.72,6.27,5.04,1.67,0.9,2.7,1.4,2.5,1.02,33.85,1.74,78.09,,0.38,0.64,0.69,0.94,1.2,0.15,0.85,2.01,0.58
567,2016-11-14,SNW,1.04,1.91,0.56,,,0.83,7.04,5.42,3.47,1.9,4.3,2.86,3.67,2.89,35.37,2.86,98.1,76.64,0.41,0.74,0.73,0.95,1.26,0.07,0.8,1.83,0.55
568,2017-05-30,SNW,0.94,2.11,0.64,,9.72,0.88,11.63,6.82,5.29,2.91,5.83,2.39,5.68,5.4,33.35,4.46,74.24,,0.32,0.2,0.46,0.57,1.32,0.34,0.95,2.73,0.64
569,2017-09-22,SNW,0.97,2.41,0.65,23.81,13.73,0.87,7.24,5.91,5.08,1.61,3.56,2.46,5.01,3.11,32.93,2.33,41.73,,0.35,0.19,0.5,0.55,1.36,0.2,0.69,2.37,0.6
570,2017-11-29,SNW,0.86,2.48,0.69,17.27,7.95,0.76,6.48,5.58,5.55,2.65,5.83,2.85,5.91,5.73,31.09,3.92,71.16,,0.33,0.2,0.48,0.56,1.41,0.19,0.68,2.44,0.57
571,2018-05-30,SNW,0.74,2.33,0.64,,,0.78,7.18,8.06,3.95,1.46,4.5,1.96,5.24,3.35,28.74,2.65,73.71,75.67,0.38,0.23,0.53,0.61,1.4,0.15,0.89,2.54,0.47
572,2018-10-01,SNW,0.72,2.28,0.61,35.34,,0.81,6.55,8.28,2.61,1.02,4.43,1.27,4.47,2.66,29.0,2.6,73.09,94.37,0.4,0.23,0.56,0.68,1.22,0.08,0.78,2.15,0.63
573,2018-11-29,SNW,0.75,1.78,0.8,,,0.94,9.83,10.9,-0.04,-0.09,2.02,-0.16,2.25,0.79,29.02,1.19,7.79,102.53,0.43,0.3,1.2,1.05,0.95,0.02,0.66,1.15,0.5
574,2019-05-30,SNW,0.65,2.87,0.81,,,1.12,10.03,7.23,1.7,-0.11,2.34,-0.2,2.72,2.19,29.92,2.28,113.23,105.34,0.46,0.4,1.11,1.02,0.96,0.04,0.77,1.24,0.47
575,2019-09-30,SNW,0.57,2.42,0.73,,,1.04,8.93,5.29,7.11,-1.05,2.11,-1.4,2.16,1.73,29.5,2.04,127.32,107.19,0.43,0.46,1.03,1.0,0.97,0.06,0.7,1.41,0.5
576,2019-11-21,SNW,0.57,2.12,0.72,,,1.0,8.07,5.19,8.75,-0.84,2.17,-0.86,2.29,1.98,29.85,2.13,126.08,-31.31,0.41,0.42,1.01,1.0,1.0,0.02,0.88,1.45,0.53
577,2020-06-30,SNW,0.55,6.94,0.54,,,0.72,4.77,3.84,11.59,-0.44,3.72,-0.44,4.26,2.53,28.43,3.71,76.65,,0.42,0.38,0.85,0.91,1.07,0.09,0.7,1.56,0.43
578,2020-09-30,SNW,1.2,7.0,1.16,8.24,,1.16,5.78,5.64,11.65,2.3,0.76,4.86,1.35,4.52,32.17,0.72,64.62,,0.36,0.47,0.87,0.95,1.09,0.09,0.65,1.71,0.39
579,2020-11-27,SNW,1.71,7.19,1.74,10.21,14.96,1.68,8.28,7.25,12.75,8.08,9.79,13.01,11.81,15.96,33.45,5.53,76.26,,0.31,0.39,0.81,0.86,1.15,0.14,0.99,1.76,0.47
580,2021-05-28,SNW,1.31,5.95,1.23,7.97,8.4,1.22,7.86,6.71,10.06,6.44,14.69,12.35,13.8,15.24,35.95,10.22,77.46,38.55,0.36,0.38,0.79,0.84,1.21,0.14,1.13,1.77,0.41
581,2021-09-30,SNW,1.07,5.24,0.94,9.69,7.8,1.13,7.7,7.16,7.79,5.45,12.49,9.8,11.56,11.86,39.0,6.95,84.52,49.29,0.39,0.42,0.84,0.85,1.2,0.1,0.88,1.58,0.34
582,2021-11-29,SNW,0.98,4.48,0.86,7.47,10.01,0.93,6.62,7.03,8.19,5.82,6.41,9.87,3.93,11.84,39.02,4.59,133.52,71.69,0.29,0.33,0.7,0.82,1.2,0.09,0.97,2.03,0.32
583,2022-05-30,SNW,1.37,6.97,1.43,12.99,,1.57,-16.23,10.0,9.4,5.68,-0.14,8.86,0.29,10.71,31.47,-0.14,101.31,,0.34,0.43,0.8,0.9,1.19,0.07,0.82,1.65,0.34
584,2022-09-30,SNW,1.1,5.25,1.08,,,1.2,-10.54,6.76,9.69,-0.35,-1.2,-0.35,-0.61,0.53,28.53,-1.2,172.55,,0.31,0.41,0.75,0.82,1.2,0.07,0.73,1.7,0.35
585,2022-11-29,SNW,1.06,4.15,0.93,,,0.97,-28.38,7.55,-0.47,-0.21,-0.2,-0.23,-0.19,0.35,27.64,-0.08,116.42,-85.55,0.27,0.37,0.59,0.86,1.34,0.13,1.31,2.56,0.84
586,2023-05-30,SNW,1.74,6.56,1.12,,18.19,1.03,11.6,6.8,-1.0,-0.76,3.79,-1.32,2.7,1.09,25.51,3.0,56.14,6.66,0.24,0.31,0.52,0.85,1.37,0.94,1.88,2.84,0.87
587,2023-09-29,SNW,1.43,5.8,1.62,16.51,12.88,1.5,12.33,7.0,0.3,0.21,3.44,0.35,3.03,2.21,28.88,3.5,53.36,54.7,0.19,0.24,0.45,0.82,1.4,1.35,2.31,3.7,0.82
588,2023-11-29,SNW,1.17,5.67,1.37,13.41,12.0,1.35,11.28,6.9,0.88,0.61,3.13,1.03,3.43,1.62,30.68,3.14,53.83,,0.21,0.27,0.62,0.85,1.3,0.65,1.85,2.95,0.81
589,2024-05-28,SNW,1.61,6.22,1.49,10.36,12.3,1.37,8.15,6.92,11.41,8.91,5.87,10.71,3.15,12.81,30.08,2.35,69.97,22.05,0.24,0.32,0.61,0.83,1.5,0.56,1.34,2.37,0.77
590,2016-05-12,WTN,1.44,5.28,0.58,14.53,11.49,0.59,9.97,8.95,18.3,6.63,3.7,3.19,2.68,3.7,50.53,8.44,107.0,87.87,0.52,1.02,0.88,0.97,1.09,0.09,0.47,1.41,0.38
591,2016-08-25,WTN,1.86,6.26,0.63,16.26,15.44,0.68,12.68,10.57,18.3,5.81,3.82,3.17,2.93,3.84,51.78,8.24,87.18,83.82,0.52,0.98,0.86,0.99,1.11,0.11,0.42,1.31,0.28
592,2016-11-10,WTN,1.7,5.43,0.64,17.53,13.23,0.77,13.34,11.04,13.36,5.94,4.64,3.22,3.18,4.37,51.18,8.59,44.12,63.2,0.52,1.11,0.89,0.96,1.12,0.13,0.43,1.33,0.23
593,2017-05-18,WTN,1.63,6.86,0.57,17.03,12.58,0.74,13.55,10.89,14.52,4.46,3.64,2.9,4.01,3.67,48.54,6.49,49.47,59.64,0.53,1.18,0.89,0.93,1.14,0.07,0.45,1.35,0.26
594,2017-08-24,WTN,2.34,7.09,0.91,19.16,17.75,0.87,13.69,11.37,10.02,5.25,4.72,3.23,4.36,4.24,50.35,7.0,79.82,75.2,0.53,1.12,0.88,1.0,1.16,0.09,0.45,1.38,0.22
595,2017-11-16,WTN,2.23,5.21,0.75,16.71,14.67,0.9,12.45,9.92,13.87,7.35,5.9,3.95,5.33,4.45,50.54,7.15,88.71,84.34,0.59,1.47,0.85,0.97,1.18,0.1,0.38,1.34,0.24
596,2018-05-17,WTN,2.2,4.32,0.79,14.22,12.43,0.78,14.07,8.82,16.64,8.7,6.02,4.89,4.21,6.08,51.14,7.36,71.44,83.98,0.53,1.11,0.83,0.95,1.35,0.12,0.45,1.49,0.27
597,2018-09-20,WTN,1.78,4.4,0.57,10.12,8.96,0.53,10.28,6.18,19.4,9.19,7.03,5.49,5.24,6.54,51.67,9.29,47.85,90.65,0.52,1.1,0.8,1.01,1.27,0.17,0.47,1.37,0.24
598,2018-11-15,WTN,1.46,4.03,0.43,8.93,8.87,0.43,7.91,6.53,15.71,7.77,6.83,5.08,5.0,5.08,50.76,8.65,73.91,66.98,0.59,1.44,0.86,0.99,1.29,0.11,0.38,1.28,0.19
599,2019-05-16,WTN,2.17,,0.43,17.36,9.31,0.68,14.39,8.99,9.08,4.7,5.34,2.88,4.55,4.3,49.9,6.54,66.97,92.39,0.66,1.9,1.28,0.89,0.7,0.06,0.32,1.07,0.19
600,2019-09-19,WTN,1.93,,0.41,11.83,10.86,0.69,13.98,6.62,11.31,4.22,4.45,3.08,3.75,3.53,49.34,5.42,43.77,85.38,0.67,1.88,1.28,0.87,0.63,0.07,0.35,1.04,0.19
601,2019-11-14,WTN,1.29,,0.26,12.05,8.01,0.59,11.71,7.14,9.37,3.7,4.47,2.96,3.96,3.01,49.2,5.47,37.33,104.67,0.67,2.06,1.3,0.87,0.61,0.08,0.32,1.06,0.16
602,2020-05-21,WTN,0.86,,0.17,8.98,4.9,0.49,9.17,3.55,6.03,2.25,4.16,2.12,3.35,2.78,48.67,5.33,28.96,81.99,0.65,1.8,1.26,0.87,0.68,0.06,0.33,1.15,0.19
603,2020-09-17,WTN,1.05,,0.22,14.51,8.44,0.47,6.76,4.61,0.99,0.53,3.5,0.17,3.3,0.95,48.63,3.46,6.86,66.2,0.64,1.75,1.22,0.86,0.71,0.16,0.46,1.25,0.24
604,2020-11-19,WTN,0.93,,0.22,20.41,8.41,0.43,7.7,4.67,4.13,1.41,4.04,1.78,4.44,2.14,47.86,4.86,18.63,72.34,0.61,1.53,1.17,0.88,0.69,0.16,0.42,1.18,0.25
605,2021-05-27,WTN,1.89,,0.42,17.88,14.23,0.88,6.01,7.93,6.59,2.94,2.58,2.5,5.04,3.75,43.63,5.06,33.48,46.8,0.61,1.51,1.18,1.0,0.7,0.09,0.41,1.26,0.28
606,2021-09-23,WTN,2.37,12.79,0.56,8.69,17.86,0.85,8.03,9.76,10.1,4.54,3.83,3.7,5.06,4.61,44.71,6.73,13.02,33.19,0.6,1.53,1.16,0.93,0.74,0.18,0.51,1.43,0.3
607,2021-11-25,WTN,2.07,8.21,0.62,18.87,16.14,0.87,10.64,7.64,12.72,6.06,4.26,3.69,5.26,4.7,46.31,6.95,56.97,89.6,0.6,1.57,1.12,0.95,0.81,0.14,0.5,1.48,0.26
608,2022-05-26,WTN,2.02,4.15,0.47,8.67,6.56,0.69,8.45,5.14,12.78,6.4,7.38,5.84,6.78,7.06,48.22,7.2,61.33,20.65,0.63,1.73,1.14,0.92,0.83,0.11,0.43,1.36,0.24
609,2022-09-15,WTN,1.71,5.45,0.37,7.74,5.28,0.56,6.82,4.25,22.28,6.36,7.2,5.38,7.12,7.23,48.19,8.28,74.84,96.51,0.66,1.6,1.13,0.93,0.78,0.1,0.35,1.34,0.22
610,2022-11-24,WTN,1.57,2.8,0.32,9.28,4.9,0.55,4.77,4.55,15.4,5.02,5.86,4.2,6.06,5.36,47.81,7.95,59.67,76.0,0.64,1.51,1.1,0.92,0.84,0.14,0.31,1.29,0.23
611,2023-05-25,WTN,1.49,5.33,0.5,8.04,6.24,0.58,6.98,5.44,18.28,5.02,5.82,3.28,5.9,5.94,41.9,8.58,53.45,104.16,0.57,1.09,1.02,0.96,0.96,0.12,0.36,1.41,0.25
612,2023-09-14,WTN,2.27,9.84,0.38,9.55,6.82,0.55,6.04,5.01,14.17,5.35,5.15,3.19,5.19,5.99,37.24,8.2,46.18,86.31,0.56,1.05,0.99,0.97,1.02,0.14,0.34,1.44,0.26
613,2023-11-23,WTN,1.96,7.82,0.37,19.49,11.52,0.57,10.62,4.96,12.04,3.65,4.87,2.77,4.16,3.71,36.29,6.42,56.87,78.74,0.56,1.27,0.96,1.0,1.05,0.15,0.39,1.42,0.29
614,2024-05-23,WTN,2.07,6.12,0.4,12.9,8.48,0.57,11.3,4.5,12.15,5.37,4.42,3.03,4.39,3.98,39.99,5.98,33.43,88.67,0.55,0.98,0.96,0.98,1.06,0.08,0.35,1.42,0.26
