,D_DATE,Ticker,Label,Cena / Wartość księgowa,Cena / Przychody ze sprzedaży,EV / EBIT,EV / EBITDA,ROA,Marża zysku ze sprzedaży,Marża zysku brutto,Marża zysku brutto ze sprzedaży,Rentowność operacyjna aktywów,Udział zysku netto w przepływach operacyjnych,Zadłużenie ogólne,Wskaźnik ogólnej sytuacji finansowej,Płynność gotówkowa,Płynność bieżąca,Pokrycie zobowiązań należnościami
1,2006-05-15,CCC,-1,18.87,19.45,33.22,31.66,-8.63,-7.85,-6.42,-0.77,-10.7,81.17,18.69,9.38,-93.46,-18.75,40.06
2,2006-08-14,CCC,-1,20.34,2.62,-9.32,-8.5,25.47,9.57,15.4,2.86,21.54,-13.97,31.78,23.58,66.99,-22.53,-26.99
3,2007-03-01,CCC,3,-0.78,2.66,8.34,7.61,-0.09,-1.16,-4.55,0.42,0.62,34.45,-24.6,-25.11,94.41,26.83,-2.81
4,2007-05-15,CCC,-1,8.0,5.1,-0.58,-0.01,-9.96,8.25,4.76,2.93,-6.25,-2.48,49.01,36.53,-46.65,-29.81,-17.71
5,2007-08-10,CCC,-1,52.55,28.13,35.95,34.66,-11.87,-1.08,-16.88,3.45,-2.19,-55.58,20.65,-2.89,59.71,-27.32,-3.28
6,2007-11-14,CCC,-1,-19.8,-22.31,-14.79,-15.67,-7.7,-4.49,-8.88,1.76,-6.18,8.49,2.85,1.89,-56.29,-1.09,-3.52
7,2008-02-26,CCC,-1,-35.2,-36.67,-20.71,-23.6,-8.9,-3.37,-16.52,4.22,-11.69,27.41,-8.53,-5.56,35.53,2.74,-18.82
8,2008-05-15,CCC,-1,-6.97,-5.57,-3.88,-4.25,-14.31,-1.38,0.47,0.94,-18.65,6.27,26.7,14.37,-47.33,-10.63,17.77
9,2008-08-11,CCC,0,-24.4,-19.22,-30.08,-29.16,17.34,8.67,21.84,2.86,15.7,297.59,-6.63,-1.28,13.74,15.9,-5.34
10,2008-11-07,CCC,-1,-10.33,-9.04,-20.69,-19.0,19.1,11.47,14.87,0.72,19.76,-41.32,-5.83,1.16,18.02,6.74,3.42
11,2009-02-19,CCC,-1,-15.97,-15.62,-25.28,-24.49,18.07,-4.62,7.57,0.41,21.62,-39.2,-11.08,-10.46,41.11,1.8,-37.71
12,2009-05-14,CCC,-1,-21.71,-23.51,-7.46,-9.31,-19.96,-22.22,-14.07,-2.08,-17.7,-25.49,11.46,5.67,-17.48,62.32,105.9
13,2009-08-24,CCC,-1,37.95,24.81,35.96,34.24,-7.91,-9.2,-9.48,-1.27,-10.51,43.22,11.54,3.29,24.06,-28.21,-17.36
14,2009-11-16,CCC,3,16.12,16.47,43.27,37.52,-23.11,-16.18,-21.35,-0.48,-22.42,-47.12,2.56,1.46,99.77,2.02,-19.99
15,2010-02-25,CCC,3,-7.88,-2.08,-12.84,-11.84,28.45,12.67,9.08,0.91,28.05,-49.47,-24.89,-11.6,173.26,31.74,-36.43
16,2010-05-13,CCC,-1,12.5,10.72,15.48,14.3,-3.56,7.7,-0.65,1.71,-2.65,11.7,4.34,0.36,-76.85,-13.54,29.3
17,2010-08-26,CCC,3,-6.24,-1.56,-4.1,-4.78,15.24,0.8,-0.47,1.62,-4.45,-9.69,0.45,-1.67,46.14,-18.82,-1.94
18,2010-11-08,CCC,0,-0.19,2.33,-5.08,-3.72,0.3,1.91,10.94,1.22,2.19,58.97,6.91,5.18,-16.42,-10.46,28.65
19,2011-02-17,CCC,3,6.93,12.52,10.8,10.95,2.78,2.97,0.51,-0.88,2.04,22.83,-12.2,-5.77,315.95,64.15,2.22
20,2011-05-10,CCC,0,-11.56,-11.57,1.41,-0.08,-18.58,-5.62,-7.89,0.17,-17.65,187.81,18.01,6.97,-82.98,-16.61,27.47
21,2011-08-29,CCC,3,-1.51,-8.3,-18.17,-16.73,-7.63,8.69,11.2,0.65,6.89,-48.89,11.91,-0.33,132.52,-19.53,-40.17
22,2011-11-10,CCC,-1,-29.68,-24.47,-13.87,-14.95,-12.01,-1.85,-3.52,1.16,-12.29,56.8,2.13,0.44,-69.84,31.13,34.25
23,2012-02-20,CCC,2,-3.62,6.37,-13.11,-10.75,10.52,14.03,17.74,1.79,12.04,-401.59,-4.04,1.05,101.97,-4.45,-39.39
24,2012-05-10,CCC,0,21.37,14.7,14.71,15.16,3.23,0.4,-1.01,-1.73,2.49,128.49,3.26,1.12,-55.21,-18.45,44.49
25,2012-08-29,CCC,3,9.25,0.36,4.42,2.39,-0.15,-6.46,-7.36,-2.65,-0.36,-16.79,2.29,-2.32,155.44,-5.99,-43.39
26,2012-11-08,CCC,-1,-9.38,-10.32,-7.22,-8.55,-0.69,-4.86,-5.03,-1.47,-0.12,-59.8,-2.49,0.14,21.18,-0.9,25.39
27,2013-02-20,CCC,3,21.03,24.62,46.62,36.5,-16.45,-15.32,-20.61,-2.74,-13.99,-41.48,-8.45,-0.99,109.09,4.63,-34.3
28,2013-05-09,CCC,-1,5.03,-0.33,45.51,31.26,-37.26,-22.38,-31.39,-0.78,-26.99,3.18,4.31,-0.68,-76.4,6.45,39.16
29,2013-08-29,CCC,3,17.78,11.69,-6.15,-0.35,31.82,8.67,19.3,1.35,14.6,31.43,5.36,2.35,198.68,-3.7,0.75
30,2013-11-07,CCC,-1,26.1,22.17,21.7,23.44,-2.56,-0.83,-1.02,-2.76,-3.72,22.04,5.68,1.6,4.15,-10.63,1.59
31,2014-02-20,CCC,-1,-8.52,-5.83,-20.22,-14.47,27.63,17.24,18.53,1.13,28.52,1.57,-11.67,-1.78,51.43,23.87,-14.22
32,2014-05-07,CCC,-1,12.25,3.62,-6.51,-3.98,8.5,11.5,16.29,1.79,1.27,44.78,19.94,7.06,-19.95,-22.23,9.34
33,2014-08-27,CCC,0,-14.74,-16.81,-17.3,-17.25,-18.14,4.32,1.77,1.85,-12.87,310.66,13.14,1.57,56.0,-4.97,-54.31
34,2014-11-06,CCC,2,5.56,9.2,4.23,6.15,16.52,5.52,5.14,3.49,16.06,-745.54,-7.93,-4.43,-45.82,7.01,55.83
35,2015-02-23,CCC,-1,-29.56,-0.52,1.62,-2.25,102.33,-8.71,-2.18,0.79,-11.49,123.51,-20.32,-8.17,-4.82,2.95,-30.74
36,2015-05-07,CCC,-1,35.8,32.25,33.52,32.76,-4.78,-0.88,-4.01,-0.42,-4.06,-50.64,5.97,1.0,-16.26,-7.88,20.39
37,2015-08-25,CCC,-1,-4.39,-9.72,-8.75,-10.0,14.72,-6.9,-1.12,-2.44,9.45,-43.91,-5.43,-1.67,-1.29,1.99,-41.72
38,2015-11-06,CCC,-1,-9.98,-7.4,6.48,2.3,-3.68,-14.91,-12.97,1.12,-12.92,-12.68,-2.53,-0.44,46.22,18.29,67.2
39,2016-02-25,CCC,-1,-24.74,-18.25,-24.91,-23.06,-49.25,11.85,9.07,1.44,-0.08,-57.65,-0.15,1.16,66.06,0.69,17.32
40,2016-05-12,CCC,-1,16.49,10.39,28.34,25.68,-18.4,-14.4,-10.69,-0.75,-14.69,48.03,12.19,-0.61,-63.89,-20.97,-39.92
41,2016-08-25,CCC,-1,18.44,-9.52,-15.18,-11.45,0.0,5.71,10.53,0.59,9.46,-36.93,18.64,-5.84,17.06,-21.55,25.2
42,2016-11-10,CCC,0,4.87,4.87,13.4,10.73,-12.75,-5.91,-8.73,-2.48,-6.05,141.53,0.49,0.01,-42.74,0.73,54.82
43,2017-02-28,CCC,-1,-3.61,1.59,-17.24,-12.52,28.99,15.96,17.58,-1.25,28.7,-2.25,-12.3,1.34,38.1,52.54,16.46
44,2017-05-15,CCC,-1,56.26,10.48,23.32,21.75,-14.37,-7.06,-11.03,-0.95,-10.72,164.33,25.8,-5.88,32.76,-15.14,-13.82
45,2017-08-31,CCC,0,-9.32,-12.37,-16.05,-15.7,2.85,6.71,-0.21,-0.82,5.76,4690.25,0.73,-0.46,-2.03,-3.7,-0.65
46,2017-11-13,CCC,-1,17.62,12.67,15.29,14.8,15.33,1.11,2.21,-0.15,14.99,-98.54,-5.85,1.63,-60.48,8.65,-50.89
47,2018-05-14,CCC,-1,-6.75,-17.66,42.24,3.14,-62.63,-23.49,-29.89,-0.23,-56.17,-68.42,25.38,-37.45,-75.46,-10.17,-8.48
48,2018-08-23,CCC,3,-21.85,-15.43,-25.47,-35.38,8.81,-6.3,14.74,1.04,-0.57,-63.56,1.6,-9.84,94.78,-47.56,-39.41
49,2018-11-08,CCC,-1,16.68,0.32,20.23,-3.92,-32.95,-29.97,-31.35,-1.76,-10.71,-54.13,0.19,-5.78,-32.34,-4.4,0.0
50,2019-05-15,CCC,-1,31.39,3.77,24.0,14.07,-13.64,-17.66,-20.26,-0.5,-10.31,-15.6,3.27,-13.02,-50.27,-18.18,17.18
51,2019-09-03,CCC,-1,-23.95,-26.15,19.51,-9.29,-310.53,-23.48,-57.04,-1.12,-32.86,-305.77,0.14,0.87,147.48,0.35,-37.97
52,2019-10-30,CCC,-1,-16.4,-20.91,-14.62,-15.25,12.5,16.81,6.45,-0.28,2.1,1.93,1.05,-4.2,-15.06,-1.5,7.48
53,2020-04-24,CCC,-1,-58.56,-72.39,-401.74,-23.58,-684.21,-124.29,-776.6,-1.52,-120.97,-607.91,5.72,-31.39,-64.72,-13.28,-27.8
54,2020-09-30,CCC,-1,207.25,186.12,89.71,140.03,-336.58,-441.18,-247.17,-3.76,-1302.56,-2029.37,0.29,-4.91,144.98,5.22,9.6
55,2020-10-27,CCC,-1,-10.97,-21.03,13.95,-3.46,1.54,-18.84,-4.08,-2.35,1.1,44.33,1.48,-15.25,-25.55,1.19,4.55
56,2021-05-31,CCC,-1,463.83,14.71,-74.82,-69.52,12.57,51.98,31.8,0.14,33.72,405.8,2.21,-77.66,-48.33,-19.97,-15.67
57,2021-10-13,CCC,-1,-92.48,4.28,-190.31,-49.22,63.04,42.18,55.85,2.48,65.6,-102.0,-8.59,1272.1,252.92,50.14,44.58
58,2021-11-24,CCC,-1,-44.9,-8.94,-98.76,-5.75,20.58,53.57,27.85,3.58,49.3,294.76,-7.66,61.21,43.8,41.28,79.87
59,2022-05-25,CCC,4,-14.74,-35.8,-93.06,-21.3,-13.09,124.71,-7.88,2.4,1220.0,227.67,2.65,-15.98,-49.53,-7.34,15.93
60,2022-10-25,CCC,-1,-13.01,-20.23,22236.09,0.26,-52.52,109.52,-51.14,-0.06,-100.0,-122.0,0.97,-7.08,9.72,-20.06,-42.92
61,2022-12-01,CCC,-1,-6.81,-18.5,-100.4,4.58,-20.43,-38.64,-29.61,-0.79,,16.01,1.01,-7.39,-30.46,3.1,11.0
62,2023-06-14,CCC,-1,-12.88,-0.26,20.69,-3.92,19.46,-108.93,2.06,-1.11,-15.07,54.75,-0.63,11.55,-10.88,-3.68,1.19
63,2023-10-11,CCC,-1,-11.28,44.75,-413.77,5.81,21.43,-1280.0,21.26,-1.15,77.38,10.7,-4.51,58.37,11.04,-0.27,5.01
64,2023-11-29,CCC,4,-23.74,-23.35,131.76,-19.78,31.55,102.9,11.57,0.18,357.89,40.98,1.26,-5.78,11.47,-3.99,-4.49
65,2024-06-12,CCC,1,51.88,58.78,-39.07,4.55,339.47,145.7,144.52,2.49,103.2,389.31,0.32,-0.15,31.45,2.15,4.85
66,2015-05-15,CDL,-1,-0.07,-0.13,10.07,10.43,-18.81,-12.11,-16.18,,-3.79,43.66,4.4,5.58,-54.25,-2.65,2.76
67,2015-08-14,CDL,3,-18.58,-21.36,-18.51,-17.86,17.65,-1.2,10.83,,3.36,-42.06,-1.11,1.34,88.49,2.36,-9.88
68,2015-11-13,CDL,-1,1.54,7.44,18.85,17.29,-3.47,-6.75,4.26,,-15.58,-7.23,1.45,0.6,-25.52,-4.89,-3.61
69,2016-05-13,CDL,-1,0.24,-1.41,7.65,6.67,-7.28,-1.17,-3.25,,-10.2,-40.56,7.49,3.64,45.86,-10.79,-8.45
70,2016-08-12,CDL,-1,21.38,18.68,16.88,15.57,-8.85,-5.31,-5.34,,-5.64,-31.34,3.83,-7.94,-13.71,-7.11,2.32
71,2016-11-14,CDL,-1,4.88,3.99,11.78,10.24,-12.21,-10.91,-19.85,,0.89,-38.82,-6.32,-5.21,35.96,5.09,3.71
72,2017-05-15,CDL,-1,8.87,7.62,17.19,15.14,0.29,1.29,0.6,,-4.85,6.66,0.68,-0.01,-34.85,6.28,28.51
73,2017-08-11,CDL,3,18.73,9.3,0.5,0.73,-24.14,6.06,-19.88,,1.35,-0.86,15.39,3.69,86.65,-20.35,-27.94
74,2017-11-15,CDL,-1,-20.46,-18.5,-19.42,-18.56,10.65,3.21,11.66,,6.14,60.4,-2.47,1.76,-50.35,1.35,5.69
75,2018-05-15,CDL,-1,25.98,21.2,31.03,30.07,0.93,1.24,-5.01,,1.84,9.62,-2.97,-4.43,-22.51,0.99,-16.49
76,2018-08-13,CDL,-1,-21.19,-20.56,-16.88,-16.83,34.48,1.75,40.62,,-3.25,94.57,4.4,1.4,-31.03,-6.64,15.67
77,2018-11-15,CDL,3,-22.39,-18.95,-17.6,-17.59,3.33,11.67,3.86,,1.99,-43.42,-4.05,-3.24,51.73,1.31,-11.94
78,2019-05-30,CDL,-1,31.25,4.92,123.21,80.79,-56.13,-35.55,-33.73,,-57.05,9.7,48.55,-22.46,-53.38,-34.97,-28.83
79,2019-08-30,CDL,-1,-17.03,-29.71,2.89,-16.61,-17.92,-22.48,-28.18,,-11.75,-27.97,1.31,-2.25,-0.35,-2.19,-14.41
80,2019-11-29,CDL,3,-28.57,-38.38,-21.48,-28.87,0.22,-12.83,-19.17,,13.14,-15.31,-1.92,2.93,63.43,1.78,1.79
81,2020-07-27,CDL,-1,-39.35,-47.24,-7.85,-14.03,-107.91,1.56,-136.77,,-3.24,-106.72,7.35,-6.18,-22.35,-6.81,-24.07
82,2020-08-28,CDL,-1,17.71,17.88,20.28,-0.3,-1110.71,-0.77,-176.64,,-18.09,-607.51,-1.55,2.94,62.05,3.44,-12.68
83,2020-11-27,CDL,-1,-6.61,-1.34,-32.14,-20.13,-99.12,18.96,-95.27,,35.06,-40.11,-1.75,4.62,21.45,-1.2,6.59
84,2021-05-31,CDL,4,12.33,4.88,200.11,-13.83,39.08,22.07,52.81,,200.83,52.62,2.42,-4.32,-8.93,-2.36,18.01
85,2021-08-27,CDL,4,3.54,19.19,-77.04,-18.63,65.55,18.55,69.38,,359.5,57.61,-5.47,14.17,-37.69,6.81,6.07
86,2021-11-19,CDL,-1,-1.39,13.25,-12.37,0.88,196.3,5.44,304.32,,8.09,212.7,-4.1,8.6,126.57,7.11,18.17
87,2022-05-20,CDL,-1,-8.21,-16.17,-5.5,-5.27,-19.39,-5.39,-26.25,,-5.58,1.88,4.74,-2.01,-77.33,-3.46,17.45
88,2022-08-26,CDL,0,-19.43,-16.09,6.38,3.93,-21.95,-4.98,6.48,,-16.9,117.88,1.46,1.06,-31.29,-0.78,-35.54
89,2022-11-18,CDL,-1,2.85,-0.4,80.31,47.32,-80.22,-16.35,-63.87,,-43.85,-122.04,3.54,-6.16,17.82,-3.91,33.67
90,2023-05-30,CDL,-1,9.46,3.42,29.05,19.89,22.02,-14.18,19.86,,-16.3,-25.01,1.52,-2.37,-61.15,-2.31,33.17
91,2023-10-02,CDL,-1,31.8,-7.18,-169.23,-500.81,-245.44,-40.77,-238.04,,-259.82,336.05,10.41,3.94,158.42,0.78,-14.49
92,2023-11-17,CDL,0,9.99,2.04,6.03,27.03,-10.36,-54.35,-17.05,,-3.51,1120.25,3.72,-8.39,-9.58,-3.69,12.77
93,2024-05-17,CDL,1,18.37,22.03,-19.86,-5.34,77.99,29.03,83.77,,33.09,87.39,-1.15,-1.96,-20.07,-1.39,17.18
94,2015-11-16,EAH,-1,-27.07,5.32,52.64,27.08,-52.2,-59.12,-37.93,17.29,-40.67,-121.68,-25.46,1.65,72.09,36.83,27.04
95,2016-05-16,EAH,-1,-22.09,-29.61,84.7,-242.27,-133.33,-248.11,-150.65,0.93,-470.89,117.8,9.63,1.95,-41.6,7.56,14.6
96,2016-09-29,EAH,0,-49.03,-51.31,51.26,62.89,-9.21,-17.07,-10.88,-4.41,-25.72,361.64,4.65,3.59,62.83,-12.03,-30.06
97,2016-11-23,EAH,-1,-20.54,-24.49,29.62,39.84,-6.54,-14.58,-10.75,-1.61,-12.87,-143.75,7.04,2.41,75.82,-5.79,-22.75
98,2017-05-30,EAH,-1,7.0,-1.11,-155.54,-88.76,41.87,52.85,52.42,-0.27,48.16,88.86,-5.36,-2.02,-46.63,-2.67,22.05
99,2017-09-27,EAH,-1,13.97,10.98,704.39,-51.06,59.72,119.83,106.78,0.09,116.77,66.9,-5.6,-0.5,47.95,7.15,7.03
100,2017-11-29,EAH,-1,63.84,44.67,-85.19,-12.71,995.29,726.09,5337.5,0.27,938.46,1423.38,-7.92,6.94,7.21,13.05,22.55
101,2018-05-24,EAH,-1,-2.58,-0.03,-13.32,-2.34,16.35,34.23,15.67,2.2,27.9,6.15,1.04,-2.44,-63.72,-5.97,-0.17
102,2018-09-11,EAH,-1,-11.83,-10.2,-47.09,-38.42,28.01,50.14,25.81,2.55,56.38,25.06,1.31,1.38,31.18,-1.06,5.68
103,2018-11-27,EAH,-1,-4.52,-1.77,-2.48,-0.34,-44.62,8.97,-34.87,1.66,3.11,10.23,10.7,0.16,-61.69,-13.47,-12.5
104,2019-05-30,EAH,-1,28.63,22.91,110.2,74.31,-30.27,-14.1,-15.69,-1.29,-25.26,-178.85,19.09,-16.54,-68.37,-15.73,10.11
105,2019-09-25,EAH,2,-34.69,-35.4,-13.38,-28.98,-19.27,-19.01,-17.91,-0.48,-12.08,-1054.9,0.09,0.86,62.01,-1.86,-11.5
106,2019-11-20,EAH,0,-9.34,-11.32,8.64,-5.15,-7.04,-10.67,-14.73,-1.36,-2.96,101.81,-1.94,-3.78,32.08,6.55,20.66
107,2020-07-29,EAH,-1,-48.04,-49.26,11.92,-1.34,-11.22,-10.9,-15.5,-0.02,-12.77,-27.25,0.93,1.22,-78.12,-3.45,-1.29
108,2020-09-23,EAH,3,39.11,49.87,-20.76,-20.73,2.2,-1.49,4.68,-1.59,9.76,-43.76,-5.2,5.19,297.09,8.76,8.61
109,2020-11-25,EAH,1,2.19,8.3,-2.42,9.33,34.68,34.55,50.17,1.22,18.12,39.93,-0.45,1.75,-26.65,7.18,27.89
110,2021-05-26,EAH,-1,-1.85,-2.02,-35.96,-15.59,77.55,47.26,71.89,2.12,62.75,52.62,-3.0,1.66,-53.79,10.03,9.28
111,2021-09-28,EAH,3,40.07,44.91,-4.73,3.99,29.26,14.56,16.87,1.35,14.54,64.28,-2.96,1.46,229.72,6.88,17.81
112,2021-11-24,EAH,-1,70.04,68.34,22.18,39.7,34.36,26.33,29.16,1.23,32.28,41.45,-3.15,1.42,-84.34,1.83,9.64
113,2022-05-27,EAH,-1,-1.83,-15.37,5.91,2.45,-4.37,-10.26,-2.29,-0.49,-10.53,24.71,4.76,-8.0,-50.14,-7.61,-21.51
114,2022-09-28,EAH,0,-39.28,-43.03,-19.91,-23.39,-17.26,-17.25,-12.82,1.07,-6.04,136.26,1.22,-1.66,-28.89,-3.31,-1.12
115,2022-11-28,EAH,-1,-35.57,-35.38,3.22,-3.77,-28.15,-28.02,-23.69,-2.82,-20.48,-48.73,0.53,1.9,18.55,0.19,6.26
116,2023-05-26,EAH,-1,12.88,8.28,11.75,13.34,-20.78,-4.24,-27.36,0.26,11.52,8.24,-3.73,2.11,-71.68,3.96,12.34
117,2023-09-28,EAH,2,4.3,-0.5,-2.95,-3.93,-20.26,11.07,-19.67,0.62,-3.33,-83.0,1.43,-1.39,28.57,-3.48,-16.66
118,2023-11-28,EAH,-1,7.4,11.9,1.62,1.47,-7.82,6.98,-7.05,1.0,12.11,-50.45,-11.44,3.86,80.21,14.48,67.27
119,2024-05-27,EAH,-1,-5.13,-5.52,4.51,2.82,4.68,2.54,1.2,1.16,4.05,-9.1,-2.69,-0.11,-74.94,3.85,1.17
121,2011-05-13,HRP,-1,2.22,-16.86,35.18,21.21,-56.32,-39.85,-60.66,-12.47,-37.12,141.88,3.33,-21.19,22.87,-10.37,-5.03
122,2011-08-31,HRP,-1,4.65,-8.77,119.59,56.96,-109.41,-67.89,-157.64,-16.01,-56.43,-103.76,0.91,-8.29,-7.07,-7.56,-9.54
123,2011-11-14,HRP,-1,-46.3,-39.37,-42.53,-35.96,39.47,49.68,37.35,-4.97,26.8,56.17,-1.51,15.24,-7.6,4.85,7.51
124,2012-05-15,HRP,1,22.84,22.16,-23.37,-11.55,771.43,50.0,327.27,10.24,50.57,601.42,-0.46,3.16,-32.17,-2.26,1.42
125,2012-08-31,HRP,-1,-62.54,-8.18,-41.64,-35.36,103.83,30.05,156.67,6.79,20.83,213.26,-15.05,79.16,302.36,19.6,-6.5
126,2012-11-14,HRP,-1,13.24,22.64,28.55,22.0,-3.34,-9.03,-1.3,1.37,-13.72,-34.53,-0.86,1.63,23.82,-3.04,-4.53
127,2013-05-15,HRP,-1,44.5,49.18,24.74,27.52,20.79,8.37,21.22,1.2,15.09,26.4,-2.95,5.13,-26.03,3.76,4.26
128,2013-08-30,HRP,-1,34.56,45.17,48.55,43.94,-5.62,-9.49,1.09,2.05,-14.08,-15.48,0.88,-1.06,-37.83,-11.67,-0.07
129,2013-11-14,HRP,-1,17.03,22.46,18.86,20.12,-6.91,0.15,0.87,0.68,-5.5,53.51,0.71,1.27,-4.88,-16.22,-23.7
130,2014-05-15,HRP,-1,-22.13,0.18,10.61,6.96,103.16,-4.98,1.54,-0.03,-20.9,120.61,-2.64,1.92,69.97,10.62,-5.68
131,2014-08-29,HRP,-1,-25.76,-20.92,-4.43,-11.32,-2.28,-7.36,-11.95,0.16,-12.07,-6.52,-2.32,9.73,-40.91,-8.37,-6.18
132,2014-11-14,HRP,-1,-1.86,3.69,-1.64,-2.55,7.97,9.36,10.78,-0.73,4.82,8.17,-2.6,7.1,-30.59,-2.13,11.12
133,2015-05-15,HRP,-1,-11.94,-9.97,3.64,-4.13,-59.4,-9.41,-22.29,0.32,-12.7,-42.62,-0.5,4.16,-20.68,-17.21,-33.62
134,2015-08-31,HRP,3,-15.12,-14.35,12.03,2.66,-30.65,-6.63,-25.79,-1.87,-16.6,-10.5,0.75,-0.66,118.38,57.71,59.7
135,2015-11-13,HRP,-1,-27.55,-26.17,33.18,3.62,-54.23,-30.48,-63.48,-0.39,-36.61,-22.41,0.32,2.33,-52.64,-3.67,-0.51
136,2016-05-13,HRP,-1,-4.12,-7.33,-4.13,-4.53,98.21,-35.1,107.69,-4.87,11.22,97.87,-0.35,0.75,-74.31,-0.41,29.27
137,2016-08-31,HRP,1,-10.55,-13.83,-14.41,-13.7,1900.0,26.42,3.7,-4.58,9.17,1872.73,-1.69,7.2,49.78,42.53,46.24
138,2016-11-14,HRP,-1,-16.06,-16.21,45.03,-1.78,-266.67,-22.89,-278.57,-3.06,-37.39,-245.13,0.42,-2.27,20.96,-1.88,-6.46
139,2017-05-29,HRP,-1,34.91,27.36,80.84,169.32,-125.23,-158.33,-101.31,-2.58,-501.96,13.87,3.8,-4.88,-81.43,-3.99,-11.38
140,2017-09-29,HRP,3,-7.31,-6.8,13.99,-4.38,31.33,-29.49,23.29,-8.14,-1.3,33.19,1.11,-13.53,211.54,8.44,8.97
141,2017-11-27,HRP,-1,-8.22,-16.69,-20.65,-20.27,12.69,-29.89,13.16,-12.0,19.94,-46.57,1.03,-5.52,-91.05,6.48,22.0
142,2018-02-26,HRP,-1,-13.68,-42.91,33.68,-16.61,-41.87,21.1,12.47,-6.65,-30.12,13.25,3.44,-4.2,41.38,-11.37,-15.74
143,2018-08-27,HRP,-1,-33.84,-41.04,-21.47,-37.68,5.12,19.44,9.22,-2.98,29.63,44.02,1.8,2.21,21.95,-7.63,-19.85
144,2018-12-28,HRP,-1,-38.41,-39.54,0.87,-13.14,-35.22,31.9,-7.08,7.29,8.77,-98.18,-1.43,4.08,-38.0,-2.1,-15.46
145,2019-02-25,HRP,3,-58.95,-59.38,-12.66,-15.68,-8.56,59.49,1.72,6.39,20.19,5.66,0.56,-1.39,616.13,0.56,-8.97
146,2019-08-30,HRP,2,-9.13,-9.2,168.35,-25.9,62.04,17.61,92.05,1.15,258.18,-280667.26,0.11,-3.78,-78.05,4.82,17.09
147,2019-12-12,HRP,-1,-6.17,-6.42,19.59,-0.74,-12.69,-33.76,-542.86,-3.26,-20.69,100.18,2.18,-10.24,255.56,11.34,8.01
148,2020-02-28,HRP,-1,-20.61,-15.52,686.26,13.67,54.97,-36.74,23.7,1.33,-85.51,-93.29,-1.48,6.73,28.12,4.41,8.77
149,2020-10-21,HRP,-1,219.14,238.22,-11.79,13.72,1493.33,128.45,6020.0,9.69,53.87,-3058.54,-1.78,-1.35,-34.29,9.23,-3.77
150,2020-12-29,HRP,-1,85.81,84.72,11.32,22.82,31.8,23.96,44.44,3.07,22.98,-109.59,-0.41,0.96,126.09,1.65,4.76
151,2021-03-01,HRP,0,-25.43,-25.74,-27.72,-23.8,-4.13,22.07,5.2,1.84,22.6,157.5,-2.03,8.63,-48.08,10.03,6.38
152,2021-08-30,HRP,-1,250.78,267.71,91.27,73.46,-53.46,-28.03,-39.75,-6.26,-25.7,-37.45,1.12,-8.71,-84.54,7.47,17.85
153,2021-12-30,HRP,-1,-29.88,-30.43,15.61,1.26,2.7,-58.54,-14.94,-12.09,-24.05,10.19,-0.13,-1.09,28.12,-23.85,-19.72
154,2022-02-28,HRP,2,-7.1,-1.52,-15.82,-5.33,162.5,23.64,78.54,0.56,17.08,-4093.77,-2.97,4.62,129.27,43.0,28.6
155,2022-08-29,HRP,4,-26.61,-26.46,-88.4,-7.18,0.0,58.62,-22.14,5.75,700.0,-148.73,0.83,-4.26,-34.39,2.61,2.93
156,2022-12-29,HRP,-1,-3.02,-17.39,47.58,1.46,-73.33,172.22,-57.92,2.82,-35.0,-27.91,3.97,-13.38,135.92,0.2,4.92
157,2023-02-28,HRP,-1,2.21,5.67,-148.59,39.28,-28.69,-384.62,-5.41,-5.0,-319.23,38.39,-2.09,8.78,20.58,-2.22,-0.99
158,2023-05-30,HRP,4,-4.0,3.82,119.6,-56.8,101.87,463.51,104.26,13.2,642.11,103.08,-2.35,8.35,-89.42,2.38,10.2
161,2007-02-14,IPO,-1,-5.35,-0.9,1.24,-1.56,-26.0,1.95,5.88,6.73,-29.96,4.02,51.5,21.84,-82.54,-32.74,6.34
162,2007-05-07,IPO,-1,23.17,23.93,94.38,51.13,-30.81,-53.83,-41.81,0.88,-27.11,-35.72,-15.17,-17.82,-57.43,5.65,-34.81
163,2007-08-06,IPO,-1,42.4,27.57,6.42,12.4,14.06,2.37,21.61,0.0,14.05,21.05,17.03,-0.34,17.81,-11.26,3.61
164,2008-02-14,IPO,-1,-35.38,-37.0,-57.12,-47.77,46.18,89.3,66.67,0.11,42.39,-59.04,8.2,-3.89,-41.1,-5.25,-0.9
165,2008-05-05,IPO,-1,-21.45,-25.58,-30.24,-31.93,19.48,11.86,-1.25,1.54,17.11,60.16,-6.61,-3.29,-22.92,-5.47,-15.13
166,2008-08-04,IPO,3,-29.92,-36.53,-34.39,-36.73,-11.73,3.03,-5.32,1.71,-7.44,-14.25,9.11,-5.81,81.08,-0.04,-23.46
167,2008-11-04,IPO,-1,1.44,-4.27,-2.64,-5.92,-12.84,-2.21,-4.55,2.26,-10.17,-16.99,7.93,-7.91,-50.0,-10.01,15.41
168,2009-02-14,IPO,-1,-39.11,-40.18,90.47,29.58,-90.44,-50.38,-83.47,2.55,-57.09,-91.63,9.89,-14.37,102.99,-4.93,61.91
169,2009-05-14,IPO,-1,-39.61,-42.14,-68.67,-66.21,29.73,5.56,18.64,-1.66,24.8,83.82,-4.48,10.68,-12.5,-2.36,-42.74
170,2009-08-31,IPO,-1,52.54,43.88,42.48,48.26,33.33,4.31,-7.14,-0.47,6.62,-30.08,-3.91,-4.13,15.13,-5.93,-43.7
171,2009-11-05,IPO,-1,43.76,38.25,69.41,54.96,-53.12,-16.97,-41.54,0.42,-15.98,-32.27,0.29,0.19,-2.92,-9.18,43.02
172,2010-05-13,IPO,1,12.81,13.98,-47.74,-35.34,712.5,33.33,511.11,-1.72,66.96,266.39,-9.62,18.49,14.91,-5.14,-37.58
173,2010-08-31,IPO,-1,-16.42,-17.71,15.13,-14.12,-93.85,-31.06,-78.18,0.22,-29.69,-92.66,1.17,-1.5,12.21,-3.2,-28.09
174,2010-11-09,IPO,-1,-3.33,-5.98,-26.83,-12.93,125.0,14.29,0.0,1.01,38.52,84.38,-2.56,5.21,-13.61,-5.73,63.72
175,2011-05-12,IPO,-1,-17.41,-7.08,52.43,-25.29,-208.82,-62.22,-180.6,6.7,-60.67,-261.83,-2.96,4.72,-15.75,-2.11,4.24
176,2011-08-31,IPO,-1,-14.96,-18.75,25.89,46.07,14.86,48.53,38.89,5.08,19.05,-14.73,1.42,-1.26,103.74,16.22,75.25
177,2011-11-09,IPO,-1,-40.34,-44.32,-211.61,-59.17,-271.43,-100.0,-339.39,0.34,-127.2,-342.42,2.93,-3.38,-43.58,0.47,-18.57
178,2012-05-15,IPO,-1,143.72,152.84,-19.07,-142.05,12.42,35.16,23.92,-0.47,20.46,55.88,-4.97,14.67,-18.91,-0.91,-54.19
179,2012-08-31,IPO,-1,-2.33,-6.29,-188.74,277.74,28.2,48.59,33.51,0.11,41.49,60.21,-2.04,0.14,21.97,-4.55,46.95
180,2012-11-14,IPO,-1,-23.88,-30.92,54.25,-65.11,11.16,15.38,9.82,-2.05,2.48,-10.45,0.61,2.58,-30.15,-8.54,-32.78
181,2013-05-14,IPO,2,-20.39,-15.08,-19.56,-45.53,-236.59,-33.5,-165.91,0.85,-40.0,-342.25,-3.39,8.23,0.72,-1.36,-38.22
182,2013-08-30,IPO,2,-17.06,-16.29,-277.68,19.63,-301.79,-100.73,-513.79,-2.47,-144.0,-1226.65,0.75,-1.97,69.29,10.1,123.02
183,2013-11-14,IPO,-1,19.87,13.88,-142.12,8.38,17.33,1400.0,20.22,1.37,51.52,65.11,2.03,-4.88,-40.08,8.72,5.16
184,2014-05-12,IPO,-1,-32.78,-32.2,-103.32,-53.5,-49.6,-711.11,-54.64,-2.55,-1300.0,-38.58,-1.32,4.41,-26.9,0.41,-50.94
185,2014-08-29,IPO,-1,-3.98,-6.78,-70.41,-15.45,25.13,27.4,32.0,-0.34,42.86,38.33,-0.77,0.93,7.2,-12.53,-2.56
186,2014-11-14,IPO,-1,-17.53,-22.37,-4.32,-23.75,0.0,24.53,-1.96,-0.5,27.08,21.16,3.07,-7.2,-50.0,0.94,12.5
187,2015-05-12,IPO,-1,35.02,41.98,38.37,-57.21,13.56,31.82,15.75,2.65,27.27,27.78,-0.84,2.93,-39.29,2.13,12.4
188,2015-08-27,IPO,-1,-5.1,-4.86,390.22,-19.91,16.34,100.0,26.02,-0.85,133.33,36.07,-1.82,4.06,80.88,8.13,69.66
189,2015-11-10,IPO,4,24.25,18.76,-78.06,5.58,40.62,,68.13,0.03,500.0,44.49,-0.75,1.99,-2.44,-2.0,-17.48
190,2016-05-10,IPO,-1,-25.33,-22.13,48.32,-63.19,-1.83,36.9,0.0,0.23,22.31,33.56,-1.05,3.98,-11.03,2.38,96.13
191,2016-08-30,IPO,-1,11.46,7.01,59.31,76.73,-35.03,-211.32,-50.0,-0.77,-171.29,-17.79,0.03,-0.62,-9.09,-14.71,-15.46
192,2016-10-26,IPO,-1,28.21,23.71,-20.99,31.61,-5.76,-0.61,-1.87,0.8,-6.57,22.32,-0.38,-0.51,-28.18,-4.32,126.85
193,2017-05-05,IPO,0,-33.57,54.93,16.29,69.16,-9.34,-25.1,-7.78,1.52,-18.32,7330.99,-18.74,96.33,-31.67,17.8,9.29
194,2017-08-30,IPO,-1,70.94,59.82,-13.73,48.42,-23.67,-44.98,-34.61,-0.64,-34.01,-95.72,4.42,-7.47,25.61,-5.24,12.94
195,2017-11-13,IPO,-1,7.68,-1.0,28.02,47.62,-20.82,-38.16,-34.23,-1.97,-31.32,-25.9,4.1,-8.93,-2.91,-2.74,-37.64
196,2018-04-20,IPO,2,-14.17,-11.81,28.19,26.72,-3.12,1.72,0.34,-2.11,-2.03,-532.66,-2.17,4.8,-55.19,0.07,-34.32
197,2018-08-31,IPO,-1,-19.29,-26.0,5.11,-77.62,18.31,27.63,22.05,2.21,20.05,52.65,0.63,-4.27,11.58,-2.13,6.45
198,2018-10-26,IPO,-1,9.77,80.13,-133.36,824.33,21.61,19.35,22.68,1.16,24.05,136.77,-13.88,41.97,309.43,18.8,45.86
199,2019-02-27,IPO,-1,36.66,-3.06,-104.91,-82.93,15.64,43.33,30.17,-1.2,34.94,-34.22,9.16,-11.25,-72.12,5.16,6.23
200,2019-08-01,IPO,-1,3.81,-1.47,45.52,248.3,-49.02,-62.35,-38.4,-1.87,-69.14,37.74,-1.51,1.04,83.47,-1.58,-3.0
201,2019-12-12,IPO,-1,-18.38,-29.48,35.76,-381.07,-13.58,-18.12,-6.65,-5.45,-12.11,-26.37,3.96,-7.24,-0.45,0.29,-12.9
202,2020-02-20,IPO,-1,13.13,2.21,-15.94,255.35,11.67,1.23,8.67,-2.39,13.15,148.67,4.35,-8.0,-58.82,1.37,-2.16
203,2020-09-30,IPO,3,52.46,35.75,46.38,-106.6,-54.41,-65.64,-43.57,-7.52,-56.74,25.05,1.44,-9.65,1516.67,-14.93,-14.11
204,2020-12-30,IPO,0,14.01,3.97,-3.85,-27.57,-1.14,-1.52,-3.71,2.02,1.66,76.8,2.41,-9.35,-51.55,-2.66,22.77
205,2021-02-26,IPO,0,-10.02,0.64,45.3,76.97,-63.75,-57.14,-72.84,-7.29,-65.95,393.57,-0.3,2.3,131.91,2.01,-18.55
206,2021-08-23,IPO,-1,43.45,-5.1,44.26,41.68,7.6,20.77,17.65,6.15,9.14,1.02,1.16,-24.55,-88.48,-6.75,30.54
207,2021-12-22,IPO,-1,-41.7,-8.94,-16.07,-26.06,15.0,13.1,22.41,3.66,13.16,-1.58,-2.0,70.91,73.08,-4.72,-9.06
208,2022-02-22,IPO,-1,-2.37,-20.77,-38.44,-88.65,36.37,43.85,40.07,6.63,37.38,-41.22,0.95,-10.56,-31.11,-1.45,12.45
209,2022-12-21,IPO,-1,-94.59,8.71,321.32,-15.71,36.22,-87.14,49.52,-3.65,150.0,28.68,-2.1,1852.94,-72.41,-27.11,-19.62
210,2023-02-22,IPO,-1,1121.8,2.59,-128.85,53.67,-114.2,-21.51,-207.55,3.12,-419.57,-120.83,2.97,-91.97,197.5,3.45,-16.33
211,2023-08-30,IPO,-1,,6.1,74.94,82.4,-68.25,-43.95,-61.3,-1.32,-69.56,38.77,8.66,-130.37,88.68,-17.57,11.67
212,2023-12-20,IPO,-1,,41.2,27.18,41.87,-97.52,-22.64,-90.45,-2.5,-101.63,-102.21,13.25,-102.41,-58.0,-13.91,-17.42
213,2024-02-28,IPO,-1,,122.74,-71.05,-64.69,-13.18,-28.74,-27.54,-3.67,-14.9,207.15,-15.08,66.32,154.76,29.6,86.08
215,2006-08-04,LBW,-1,-72.0,-74.46,-85.21,-83.13,15.74,10.82,30.8,-2.86,58.53,21.31,133.22,126.18,-88.09,-73.53,-51.31
216,2006-11-03,LBW,3,-37.8,-24.94,-19.99,-22.84,-29.14,5.94,-29.9,-8.29,-24.32,-52.17,-35.68,-37.49,388.06,127.92,34.46
217,2007-02-14,LBW,-1,88.34,92.7,40.11,52.97,43.1,121.67,25.2,1.4,53.41,218.08,-36.51,-28.12,40.77,28.74,-17.18
218,2007-05-07,LBW,-1,10.35,15.12,17.19,17.02,8.14,0.0,4.03,-1.78,1.21,95.48,-59.18,-50.89,146.4,96.51,151.83
219,2007-08-06,LBW,-1,-12.16,1.74,22.99,20.53,-19.6,10.0,-11.02,1.1,-28.15,64.36,22.27,10.04,-43.75,-2.58,-7.41
220,2008-02-14,LBW,-1,-51.38,-41.14,-51.94,-51.79,-16.55,1.99,1.01,10.74,-16.64,-20.13,9.23,3.23,55.78,4.62,-3.6
221,2008-05-05,LBW,-1,0.46,-6.47,2.08,3.36,-26.4,5.02,-31.23,4.44,15.67,341.53,-40.38,-36.97,0.66,67.31,242.08
222,2008-08-04,LBW,-1,-36.0,-55.57,-65.94,-64.76,13.43,2.71,-17.21,-2.14,38.21,-61.25,75.91,65.99,-7.32,-21.9,22.96
223,2008-11-04,LBW,-1,15.93,27.34,44.48,44.08,-50.33,5.04,-36.44,6.87,-1.5,-71.66,-41.72,-39.32,35.97,67.42,68.09
224,2009-02-14,LBW,-1,11.33,11.09,51.85,46.85,13.33,-23.77,-8.16,-8.36,-31.12,-189.55,34.87,30.65,-1.33,-27.18,-30.83
225,2009-05-14,LBW,0,-3.43,1.37,11.04,8.04,-4.12,-10.94,-0.48,-2.08,-13.97,209.17,-20.84,-19.66,45.07,24.76,-37.59
226,2009-08-31,LBW,-1,14.9,68.85,380.36,251.59,-70.55,-54.77,-47.01,-5.59,-72.23,482.33,20.72,23.39,-43.77,-35.15,-9.7
227,2009-11-05,LBW,-1,22.62,30.85,135.55,72.43,171.35,-40.21,103.91,-10.04,-43.95,-111.6,-55.78,-52.02,104.03,126.6,90.6
228,2010-05-13,LBW,-1,13.93,4.71,4.83,8.68,6.47,389.8,-10.19,-9.62,19.23,-148.09,-8.45,-10.55,-72.33,15.86,91.51
229,2010-08-31,LBW,-1,1.68,3.07,127.75,77.9,-69.61,-361.27,-24.66,-9.11,-57.07,-24.97,81.85,78.07,61.47,-25.61,-25.65
230,2010-11-09,LBW,1,-4.31,-11.73,-57.17,-46.53,312.73,169.81,70.54,31.44,111.56,233.55,39.42,29.69,-45.84,-39.93,-55.98
231,2011-05-12,LBW,-1,-66.44,-15.25,-778.12,215.84,82.86,5.04,56.14,-5.84,95.48,83.62,32.46,26.09,-98.82,-42.42,48.95
232,2011-08-31,LBW,-1,-21.69,-39.45,147.96,-62.1,1452.86,-2.98,1187.73,-3.67,282.35,-1274.88,8.29,13.21,94.44,-13.22,-34.08
233,2011-11-09,LBW,-1,-37.72,-51.39,-126.09,73.55,-7.13,-80.55,-26.66,-6.86,-377.42,9.49,1.13,4.5,-35.92,-5.46,-9.15
234,2012-05-15,LBW,0,12.79,-2.88,-11.91,-9.51,-3.2,5.53,-11.67,0.74,22.64,182.41,6.25,-1.53,-89.43,0.69,29.17
235,2012-08-31,LBW,-1,-13.13,-17.54,-34.86,-28.55,-165.72,13.97,-146.21,0.49,38.21,-107.4,-5.45,-2.02,202.06,-0.06,11.69
236,2012-11-14,LBW,-1,1.81,-0.95,-9.2,-6.0,12.32,8.43,17.27,-3.39,17.25,-2.91,-6.41,2.36,-79.86,3.44,-14.03
237,2013-05-14,LBW,-1,72.99,71.72,37.75,41.04,0.54,31.07,11.29,2.6,-2.85,-38.64,13.68,-2.39,-63.93,0.36,23.56
238,2013-08-30,LBW,-1,1.43,-0.2,-24.1,-17.1,50.54,21.3,44.51,1.45,36.07,-24.05,-13.17,-1.42,-26.02,6.38,8.72
239,2013-11-14,LBW,3,39.28,37.86,27.75,27.73,3.57,-0.15,3.9,0.28,3.88,-4.86,-6.29,0.26,135.16,2.99,-14.03
240,2014-05-12,LBW,-1,-27.9,-29.57,-23.62,-19.29,36.05,-10.48,21.03,-5.53,1.87,47.35,15.9,0.57,-52.95,-8.13,27.83
241,2014-08-29,LBW,-1,-5.12,-10.92,-38.85,-29.89,116.24,58.24,60.37,12.82,50.92,253.25,2.24,0.83,58.5,0.44,2.5
242,2014-11-14,LBW,-1,19.26,13.15,18.32,15.72,5.53,5.21,-5.89,0.93,-0.49,-10.9,-1.89,1.42,-26.36,-0.17,-9.45
243,2015-05-12,LBW,0,21.6,24.23,5.29,8.17,-27.62,20.38,19.37,-3.84,2.92,284.66,8.76,-0.05,-54.27,-6.54,3.81
244,2015-08-27,LBW,-1,-21.31,-18.84,38.31,13.92,-23.25,-75.85,-40.64,-14.39,-35.22,-127.61,-8.74,-0.55,46.11,9.37,15.09
245,2015-11-10,LBW,-1,0.24,-0.24,127.01,42.62,-87.43,-169.02,-70.69,-15.49,-54.38,74.99,1.47,3.15,56.03,-6.69,-15.59
246,2016-05-10,LBW,-1,15.57,17.46,167.19,48.07,40.23,-3950.0,-101.21,4.69,-59.09,25.89,7.82,-3.12,-61.73,-2.5,33.92
247,2016-08-30,LBW,-1,-17.76,-17.0,-63.27,-34.66,-26.23,254.32,5200.0,8.05,141.67,-74.34,-5.16,0.19,-7.74,8.03,12.43
248,2016-10-26,LBW,1,24.85,22.85,-27.85,-7.32,111.11,46.8,183.33,7.15,64.37,204.12,-1.96,1.4,-11.19,-5.14,-20.0
249,2017-05-05,LBW,-1,23.16,30.23,36.04,29.71,-13.39,-1.72,-2.7,3.22,-15.53,-11.91,7.26,-2.2,-55.46,-2.93,11.28
250,2017-08-30,LBW,-1,-7.86,-2.72,80.21,30.04,-44.67,-25.06,-42.96,-3.08,-47.76,-7.35,-1.59,0.37,58.82,-0.44,-6.54
251,2017-11-13,LBW,-1,-22.66,-24.49,-46.68,-31.56,64.6,41.81,58.44,11.52,68.24,70.52,-0.39,0.73,74.69,-0.26,-5.25
252,2018-04-20,LBW,1,-16.95,-18.38,-46.3,-20.28,92.11,45.62,77.25,4.67,81.51,212.46,5.71,-2.52,-15.98,3.82,30.98
253,2018-08-31,LBW,-1,12.25,12.82,5.42,2.74,-30.14,-18.58,-20.6,-5.29,-1.89,-55.28,-0.19,1.18,53.99,-2.02,1.56
254,2018-10-26,LBW,-1,-7.77,-6.42,124.17,31.68,-108.82,-49.66,-83.46,-10.3,-54.23,-105.5,-2.71,1.57,-25.9,0.37,-1.18
255,2019-02-27,LBW,1,-23.22,-24.24,-72.32,-47.75,1844.44,87.11,715.91,1.29,178.15,851.74,-1.12,-1.18,239.78,4.52,-1.48
256,2019-08-01,LBW,-1,16.35,18.12,47.88,26.89,-41.4,-35.39,-30.36,-8.89,-26.89,-53.11,1.09,-1.03,28.16,3.04,7.4
257,2019-12-12,LBW,-1,-15.34,-13.76,-46.52,-26.83,339.13,126.47,233.6,16.51,86.78,768.53,-6.18,-2.21,-67.53,14.06,35.33
258,2020-02-20,LBW,-1,28.92,29.71,-9.62,-1.95,28.22,21.59,20.86,7.13,27.43,2.45,-5.35,0.28,-46.01,2.92,-5.46
259,2020-09-30,LBW,-1,17.41,19.15,-20.96,-10.87,36.63,36.56,34.01,13.18,41.37,7.22,-2.4,-2.19,-88.05,7.34,25.43
260,2020-12-30,LBW,3,67.79,81.73,9.6,16.2,10.84,31.05,10.5,13.16,30.45,-40.54,-13.88,-3.95,959.77,20.09,11.91
261,2021-02-26,LBW,-1,1.23,1.53,-10.71,-8.97,18.34,7.35,10.25,3.98,16.6,-5.52,-14.06,-4.54,-45.34,14.92,12.73
262,2021-08-23,LBW,-1,4.51,12.78,23.99,20.44,-13.79,-6.7,-5.87,-1.86,-14.83,7.11,1.62,-0.55,-44.95,1.47,16.94
263,2021-12-22,LBW,-1,-6.75,-4.37,20.76,11.8,-15.37,-23.8,-22.18,-5.96,-18.24,18.13,-16.93,-8.02,43.0,27.62,17.15
264,2022-02-22,LBW,-1,-24.62,-27.8,-26.76,-25.79,6.79,-1.56,-0.17,-1.07,5.47,18.8,-3.5,-2.34,0.9,5.99,-1.74
265,2022-12-21,LBW,3,-20.56,-24.43,-29.71,-26.56,20.6,6.55,6.44,-0.21,23.7,21.92,-15.52,-8.44,109.97,20.59,18.63
266,2023-02-22,LBW,-1,-4.19,-4.59,4.82,2.9,-7.01,-11.36,-10.18,-3.12,-4.08,42.42,-8.15,-4.55,-82.09,8.82,-1.96
267,2023-08-30,LBW,-1,63.69,81.58,167.2,123.83,-47.94,-41.21,-39.73,-9.12,-42.08,-56.84,15.83,8.07,-66.89,-15.78,7.06
268,2023-12-20,LBW,-1,-17.9,-9.1,482.58,54.99,-91.7,-72.82,-101.11,-10.51,-86.58,-96.81,-2.01,-1.06,298.99,0.67,-10.97
269,2024-02-28,LBW,-1,-18.21,-18.39,-35.78,-22.3,190.48,115.72,2280.0,8.67,20.75,160.89,6.92,3.74,14.29,-8.89,-24.5
270,2024-08-30,LBW,-1,57.71,52.42,53.31,59.61,24.69,23.5,19.97,9.47,22.23,47.53,-2.61,-0.73,-34.78,3.77,36.44
272,2006-05-15,LPP,-1,-5.64,-12.17,37.48,11.44,-38.44,-32.17,-35.0,-1.19,-33.14,-27.58,5.57,0.17,-65.44,-8.23,16.42
273,2006-08-11,LPP,-1,-24.54,-24.28,47.82,0.23,-38.45,-43.93,-38.46,-1.85,-48.45,-47.11,2.17,0.14,40.55,-1.83,2.59
274,2006-11-10,LPP,-1,32.72,28.63,44.57,29.57,-31.52,-10.39,-23.03,-0.6,-19.53,-38.57,9.85,0.84,-2.1,-3.83,-5.84
275,2007-02-27,LPP,1,-11.78,-4.22,-60.65,-33.83,207.95,124.17,153.42,4.2,146.67,155.71,-10.85,1.74,77.83,15.69,-9.67
276,2007-05-15,LPP,-1,56.11,42.79,-0.87,17.62,58.83,35.45,38.45,0.15,55.57,49.82,-1.02,0.44,-7.08,1.07,11.49
277,2007-08-13,LPP,-1,81.88,82.63,24.56,41.93,45.68,39.69,36.78,3.59,53.37,7.79,-9.34,0.43,24.42,14.76,-5.41
278,2007-11-13,LPP,-1,-23.91,-24.99,-33.25,-30.0,22.14,11.16,16.3,1.13,17.99,6.1,-4.6,-1.24,20.67,4.66,21.51
279,2008-02-27,LPP,-1,11.72,17.92,14.69,15.89,-7.07,2.25,-0.38,2.78,-3.46,-12.12,-0.14,-2.16,19.38,1.36,-10.49
280,2008-05-13,LPP,-1,-18.99,-20.27,-18.76,-18.64,-0.67,0.48,-0.69,0.8,0.2,14.71,2.1,-1.8,-20.72,1.89,24.36
281,2008-08-11,LPP,-1,-17.61,-22.67,-14.56,-15.81,-15.31,-6.7,-7.59,0.72,-14.61,-2.36,19.26,2.32,-8.96,-14.24,-8.74
282,2008-11-14,LPP,-1,-24.09,-20.76,-19.6,-19.53,-2.64,0.51,1.34,-0.57,-2.09,29.52,-0.82,0.07,-7.5,1.6,9.69
283,2009-02-19,LPP,-1,-37.97,-29.63,-21.59,-22.13,-25.84,5.25,8.6,-0.32,-28.49,-24.16,19.57,-4.61,20.69,-12.99,-36.14
284,2009-05-13,LPP,-1,-14.02,-21.78,5.97,-1.56,-14.99,-18.28,-18.57,-3.94,-12.62,51.18,1.04,-0.18,-47.42,-2.85,-5.66
285,2009-08-30,LPP,-1,15.65,13.81,16.68,10.77,1.9,-10.51,-9.91,-4.22,1.44,-44.29,-7.39,4.56,13.91,-0.02,22.01
286,2009-11-10,LPP,3,26.65,23.09,43.8,31.16,-26.94,-19.89,-30.29,-4.92,-13.63,-53.8,-4.87,1.88,163.36,43.21,29.45
287,2010-02-18,LPP,3,-8.35,3.38,-18.26,-13.09,2.56,15.25,3.42,1.52,15.52,-2.28,-7.55,-1.55,128.62,11.18,1.97
288,2010-05-13,LPP,-1,16.54,18.32,11.79,14.49,4.72,6.97,4.17,2.37,8.18,-18.9,-1.41,0.67,-58.95,-0.13,11.52
289,2010-08-27,LPP,-1,1.23,-6.22,-7.24,-6.78,-0.13,0.67,11.19,1.41,-7.01,30.84,14.82,-2.93,-3.32,-24.68,-34.47
290,2010-11-09,LPP,0,3.5,4.5,-1.07,1.34,15.81,5.52,8.2,2.28,9.63,73.05,-3.41,0.87,-50.15,5.3,20.67
291,2011-02-23,LPP,3,2.75,11.74,18.4,16.56,4.33,-11.1,-0.11,-2.8,-5.04,16.29,-10.62,0.6,97.14,16.16,15.54
292,2011-05-11,LPP,-1,-7.03,-6.47,-2.98,-2.76,19.52,-2.34,7.01,-1.25,6.31,53.34,-10.11,-1.36,-47.4,13.08,33.86
293,2011-08-29,LPP,-1,20.31,3.97,-14.86,-9.26,6.95,19.13,9.67,2.4,13.28,-22.38,22.34,1.35,38.74,-28.9,-43.25
294,2011-11-09,LPP,-1,-21.01,-14.81,-20.51,-17.23,24.45,14.14,19.88,2.61,16.37,56.49,-10.62,-0.34,-43.46,8.1,28.23
295,2012-02-24,LPP,3,-13.05,-4.45,-18.04,-14.99,8.68,8.41,8.5,1.01,8.75,-18.39,-8.51,-0.87,96.38,-6.73,-15.04
296,2012-05-10,LPP,-1,25.28,22.94,19.75,21.59,10.75,2.05,0.0,0.19,12.7,-9.49,-10.03,-3.5,-18.2,8.88,10.5
297,2012-08-23,LPP,-1,31.44,15.17,11.93,12.94,-5.8,-0.28,-2.33,-0.8,-3.67,-12.96,24.41,5.09,32.28,-13.88,-12.1
298,2012-11-09,LPP,-1,-9.06,1.15,1.48,2.18,8.35,0.0,2.0,-0.46,6.41,-4.8,-17.8,-3.77,-27.22,26.38,47.83
299,2013-02-14,LPP,3,17.51,26.65,24.57,24.48,-3.08,0.21,-0.53,0.3,-4.23,-7.7,-7.09,-2.72,80.43,3.51,-3.8
300,2013-05-10,LPP,-1,22.06,20.7,31.08,28.31,-8.55,-4.77,-6.0,1.25,-8.04,14.76,4.93,1.63,-33.21,1.63,8.84
301,2013-08-22,LPP,-1,19.22,8.39,4.08,4.5,0.24,3.78,4.45,0.7,-1.43,23.43,20.79,4.83,-15.91,-22.34,-27.22
302,2013-11-12,LPP,-1,20.79,22.92,19.54,20.34,0.48,4.48,-2.48,0.81,7.08,-21.1,-5.9,-1.05,5.34,4.9,1.94
303,2014-02-13,LPP,-1,-8.93,-3.66,-9.63,-8.73,2.98,5.76,1.03,0.46,8.23,3.49,-10.27,-3.05,16.46,9.41,29.14
304,2014-05-09,LPP,-1,-0.41,-5.69,-3.57,-4.14,-9.77,-0.95,-11.55,0.21,1.58,-8.85,4.21,1.28,-33.21,-6.33,-6.16
305,2014-08-21,LPP,-1,-5.24,-9.56,-8.24,-9.12,2.05,-0.77,7.55,0.95,-6.45,-3.04,12.85,2.51,4.99,-13.73,-27.37
306,2014-11-07,LPP,-1,13.75,14.63,25.2,21.86,-8.29,-7.73,-9.58,-0.42,-6.9,7.05,-1.79,-0.22,-19.16,0.89,-10.02
307,2015-02-19,LPP,3,-31.62,-29.04,-25.4,-26.71,11.91,-5.66,-11.96,-0.7,-5.03,21.42,-4.29,-0.66,60.38,2.15,1.7
308,2015-05-12,LPP,-1,-2.34,-3.38,4.4,2.38,-10.46,-5.18,-4.88,-0.97,-9.83,24.74,7.72,1.23,-43.62,-6.27,6.68
309,2015-08-20,LPP,-1,-10.83,-8.06,0.4,-2.46,-10.18,-8.98,-12.21,-4.0,-10.47,-5.33,-1.7,-0.17,25.89,0.84,-14.04
310,2015-11-12,LPP,-1,16.67,16.99,24.76,22.05,-5.32,-4.89,-1.12,-1.87,-9.73,32.0,4.66,0.42,-23.56,7.98,1.92
311,2016-02-19,LPP,3,-34.61,-31.32,-26.72,-28.27,-20.88,-3.16,1.51,-2.12,-6.81,-8.76,-3.96,-0.36,83.66,-0.42,-26.45
312,2016-05-12,LPP,-1,1.3,-3.99,22.63,12.92,-7.41,-18.06,-12.5,-3.31,-16.95,-8.32,1.66,0.15,-36.89,-2.93,6.34
313,2016-08-30,LPP,-1,-12.31,-11.89,2.96,-3.64,-18.64,-14.55,-21.5,-1.14,-16.4,-28.15,0.65,0.13,38.44,-0.25,-7.55
314,2016-11-14,LPP,-1,-21.06,-25.01,10.47,-6.74,-31.81,-21.94,-34.05,-2.68,-28.5,-53.03,1.96,0.21,16.7,-1.77,-5.22
315,2017-02-23,LPP,-1,29.51,37.84,56.03,42.06,-6.13,-8.01,-12.02,-1.99,-12.0,-43.14,-14.4,-2.73,66.78,14.11,54.16
316,2017-05-17,LPP,-1,26.79,16.14,51.58,30.45,-29.26,-16.48,-24.22,-0.41,-19.81,-38.74,7.39,1.67,-29.89,-7.71,-2.82
317,2017-08-30,LPP,-1,2.83,1.9,-38.67,-20.06,56.25,39.25,73.77,3.73,55.47,40.11,5.73,1.54,32.64,-1.14,-42.34
318,2017-11-21,LPP,-1,8.75,9.56,-12.98,-1.85,40.0,12.9,36.32,0.73,28.52,40.35,-3.02,-0.41,-41.41,2.05,37.72
319,2018-05-17,LPP,-1,1.94,-5.29,-0.3,-2.03,2.77,-4.42,-1.62,-0.6,-1.53,-11.53,5.87,0.69,-15.43,-6.56,-8.39
320,2018-09-04,LPP,-1,-8.86,-6.89,-18.33,-14.74,-4.74,13.05,10.01,1.98,5.02,9.57,6.22,1.91,19.82,-2.23,-25.32
321,2018-11-19,LPP,-1,-0.38,-1.36,-3.12,-3.45,-7.12,1.15,-3.57,0.73,-4.78,-21.8,7.23,1.09,8.68,-6.59,1.4
322,2019-05-27,LPP,-1,8.89,2.89,26.5,12.58,-34.61,0.0,-4.78,-1.22,-31.79,-7.37,39.8,-0.01,-22.6,-24.31,-1.11
323,2019-09-11,LPP,-1,-11.18,-10.01,-11.87,-19.7,-6.19,1.48,4.32,0.0,-1.04,-6.97,1.54,-5.24,-25.24,-0.12,-20.65
324,2019-11-19,LPP,-1,10.25,8.65,10.27,-0.32,-18.4,-1.82,-11.98,-0.93,-3.16,-11.53,1.25,-1.38,-1.08,-2.63,-14.16
325,2020-06-24,LPP,-1,-13.32,-17.82,3.75,-11.56,-60.5,-12.1,-41.67,2.33,-23.24,-47.19,7.74,-9.87,-2.75,-12.08,-8.65
326,2020-10-08,LPP,-1,10.74,7.14,100.42,20.3,-138.15,-40.94,-75.77,-5.21,-46.27,-130.84,-0.87,1.9,19.88,2.62,42.26
327,2020-12-20,LPP,1,-30.69,-24.86,-48.92,-31.34,350.0,40.49,223.16,3.65,40.46,323.45,-1.26,-1.38,3.18,5.66,9.09
328,2021-06-23,LPP,1,26.01,10.89,-62.39,-2.83,197.83,116.94,363.51,2.71,214.86,162.07,1.05,-1.59,-9.79,-2.98,20.0
329,2021-10-05,LPP,1,57.34,20.93,-36.56,-0.78,231.11,73.05,107.95,3.52,98.93,160.93,6.5,-10.61,5.82,-11.33,-34.8
330,2021-12-08,LPP,-1,-17.07,-9.12,-30.01,-17.53,37.25,22.92,43.16,1.28,31.07,44.36,-3.26,6.2,-3.59,6.48,-20.04
331,2022-06-14,LPP,-1,-46.57,-43.56,-41.67,-39.9,13.63,-0.46,2.73,-0.99,-3.54,58.88,-0.04,6.62,-35.45,6.2,-38.82
332,2022-10-05,LPP,-1,12.21,0.45,31.88,21.25,-13.82,-16.02,-7.43,-2.64,-13.18,180.29,0.56,-5.77,-29.19,-6.24,554.22
333,2022-12-14,LPP,-1,-24.56,-18.54,14.34,0.54,-15.58,-22.6,-27.07,-3.39,-15.3,7.43,-6.72,12.67,12.22,1.5,6.88
334,2023-06-14,LPP,-1,15.99,14.24,7.96,6.77,-34.75,0.73,-3.66,-1.39,0.44,-78.87,0.39,-0.92,49.22,-2.24,-11.85
335,2023-09-21,LPP,-1,27.97,13.77,-8.66,-1.76,61.79,15.56,2.13,-1.31,25.41,-3.63,3.51,-4.45,0.08,-8.28,-0.24
336,2023-12-13,LPP,-1,-15.55,-1.93,-17.06,-12.47,28.39,25.16,23.07,2.43,13.59,19.1,-4.1,6.61,20.05,6.41,-7.33
337,2024-06-12,LPP,-1,-4.41,-2.7,-4.3,-3.19,2.58,2.75,7.48,1.01,0.24,19.03,0.94,-1.87,-41.04,1.26,-1.03
340,2008-02-29,MIR,-1,-21.76,-25.5,461.22,193.37,-104.17,49.17,-101.68,1.36,-87.84,121.71,23.53,-4.86,-22.48,-40.42,-42.68
341,2008-05-08,MIR,-1,-14.97,-17.9,-45.9,-34.16,422.73,210.87,412.5,4.03,54.91,-614.1,2.29,2.01,4.25,4.28,0.01
342,2008-08-14,MIR,-1,-9.91,-9.99,-12.38,-13.81,-33.8,151.96,-35.0,5.04,3.73,156.16,-2.82,-1.87,-4.14,1.28,7.2
343,2008-11-14,MIR,-1,-17.29,-14.18,-596.62,110.25,-700.0,-84.82,-992.31,2.42,-116.91,-488.9,-2.88,-1.33,37.85,43.22,34.81
344,2009-02-16,MIR,-1,-50.31,-51.38,96.1,-129.01,-120.21,-2264.1,-149.83,-7.51,-1080.85,-401.78,6.47,-1.59,-61.75,-15.38,-6.2
345,2009-05-15,MIR,-1,-12.81,2.25,34.72,46.57,-34.94,-71.8,-45.07,-2.73,-39.82,16.87,-3.66,1.9,-94.58,4.66,11.86
346,2009-08-31,MIR,-1,26.31,52.11,28.88,39.91,-49.76,-122.55,-89.53,-10.12,-67.53,-152.44,4.64,0.08,-13.95,-27.44,-28.15
347,2009-11-16,MIR,-1,4.68,22.89,29.18,33.44,-38.88,-69.94,-71.11,-16.78,-45.92,-50.12,1.32,2.41,-27.03,-4.27,-4.26
348,2010-02-26,MIR,-1,416.96,167.02,64.22,66.74,-359.5,-422.48,-773.68,-47.45,-234.37,731.19,82.61,-50.33,-25.93,-72.1,-77.44
349,2010-05-14,MIR,-1,-11.44,316.63,-21.35,-20.01,-5.36,-243.56,-229.6,-526.29,-6.56,-80.84,-18.02,28.99,320.0,14.26,33.93
350,2010-08-27,MIR,0,-13.21,-13.56,-74.27,-74.46,24.89,47.17,44.4,80.09,33.05,1129.96,8.04,6.48,-66.67,70.75,63.21
351,2010-11-10,MIR,-1,18.01,-40.53,-47.39,-46.88,-2.18,61.86,57.67,240.74,8.88,-88.77,-13.21,9.58,153.57,-24.83,-48.68
352,2011-02-25,MIR,-1,-3.85,-66.76,507.98,455.42,108.93,101.73,101.74,95.01,128.3,-110.36,3.89,27.17,-36.62,-4.13,-21.61
353,2011-05-11,MIR,2,-5.33,-9.49,-20.01,-17.45,52.6,125.95,89.21,-2.42,34.88,-3710.75,-5.61,8.49,262.22,9.13,20.33
354,2011-08-30,MIR,-1,-43.95,-5.74,107.47,93.66,-77.1,-87.35,-85.25,-6.64,-60.04,99.42,-23.03,10.62,-41.72,49.29,43.21
355,2011-10-27,MIR,-1,-50.42,-49.19,-46.49,-45.8,113.37,13.27,108.0,-0.8,10.02,-46.67,-17.09,7.25,-16.84,5.28,45.65
356,2012-02-24,MIR,0,232.48,22.95,-137.83,-144.4,-1229.23,-1309.91,-1071.58,-7.83,-543.06,3221.64,65.3,-25.46,-67.09,-23.56,-29.69
357,2012-05-25,MIR,3,29.35,17.56,-3.45,-2.79,-4.13,-11.91,-12.01,-1.15,-10.89,-46.67,4.54,-10.11,238.46,1.19,17.4
358,2012-08-14,MIR,-1,-89.8,-90.02,86.34,86.19,32.54,15.9,13.67,2.5,34.62,62.26,8.13,-11.37,-12.5,-24.72,-29.69
359,2012-11-06,MIR,-1,-20.01,6.56,2.61,2.78,-12.34,-13.84,-11.71,0.32,-9.04,-46.33,-8.92,19.82,92.21,57.19,64.16
360,2013-05-06,MIR,-1,-10.44,-3.66,6.47,5.9,-10.02,-6.08,-6.49,2.66,-9.6,86.62,-1.63,34.19,-44.29,-21.6,-23.92
361,2013-08-30,MIR,-1,4.14,-9.45,21.38,22.59,-14.94,0.26,-19.57,-5.06,-15.46,-35.67,2.89,-20.26,5.13,2.31,17.14
362,2013-11-14,MIR,0,-53.84,33.4,-6.23,-6.3,9.59,-13.05,-10.26,-2.18,4.12,434.58,-18.28,104.65,-1.22,23.82,12.88
363,2014-05-15,MIR,4,-13.27,-12.69,-58.06,-41.96,43.49,156.76,35.87,4.55,117.42,-56.62,-0.45,-3.13,-26.45,4.38,-1.2
364,2014-09-01,MIR,3,9.56,15.99,-13.75,-7.44,62.41,24.04,25.86,7.03,18.82,-69.64,3.06,-9.3,523.6,41.27,27.11
365,2014-11-14,MIR,-1,-33.64,-34.87,1.67,-8.04,-69.81,2.55,-62.53,4.35,-29.62,18.28,2.46,4.96,-14.41,-26.63,-38.72
366,2015-05-15,MIR,2,-10.56,-5.85,61.38,40.46,-92.31,-38.12,-173.97,-6.63,-41.12,-360.03,-0.93,7.54,-16.04,-17.02,-16.68
367,2015-08-31,MIR,-1,80.61,80.92,-312.46,-1137.92,-273.6,-97.71,-90.33,-7.6,-167.18,-30.1,-0.73,12.75,-83.25,-9.23,13.51
368,2015-11-05,MIR,-1,15.36,4.08,335.56,129.59,43.25,3207.14,47.02,1.49,145.45,15.74,2.25,-21.89,567.19,185.76,220.8
369,2016-05-12,MIR,2,-2.48,-12.61,-4.73,-7.97,-34.93,11.04,7.43,0.84,7.17,-531.76,2.37,-4.31,-87.09,7.17,26.92
370,2016-08-31,MIR,-1,28.35,64.44,-2457.23,297.54,3.7,42.44,4.55,7.01,94.69,-42.73,-7.1,8.71,-25.38,4.05,16.41
371,2016-11-14,MIR,4,-5.28,-9.5,130.88,-41.88,23.93,23.44,25.05,-1.4,400.0,77.99,1.42,-8.21,-7.22,-13.27,-7.88
372,2017-05-23,MIR,-1,153.91,36.86,0.41,1.02,-17.03,-42.37,-26.3,-4.44,-24.59,115.39,5.15,-43.27,3.85,-16.68,-37.61
373,2017-08-31,MIR,-1,129.59,0.75,9.09,9.91,-1.23,-40.26,-15.56,-18.14,-5.96,-61.37,3.09,-55.91,-52.78,-18.41,-17.49
374,2017-11-14,MIR,-1,-93.58,45.23,15.56,16.95,-11.61,-63.39,-47.8,-32.43,-18.88,-68.19,-30.9,1033.3,125.49,57.85,106.89
375,2018-05-15,MIR,-1,-26.4,-30.52,-0.3,-0.93,19.38,18.68,23.14,1.7,19.0,-18.97,-0.74,5.45,-34.88,-1.16,4.33
376,2018-09-28,MIR,-1,11.43,2.15,-4.18,-3.74,4.24,16.65,3.84,7.99,-0.73,8.92,3.08,-4.61,-83.43,1.15,19.6
377,2018-11-14,MIR,3,-20.82,35.05,-13.9,-14.01,15.56,3.98,7.52,-3.23,9.73,180.63,-21.02,-0.45,4047.67,84.36,27.82
378,2019-05-15,MIR,-1,-2.47,-1.63,21.65,22.9,-20.42,-27.37,-23.2,-2.36,-23.1,6.78,3.56,2.8,-77.0,-6.71,10.33
379,2019-09-27,MIR,-1,-13.47,-13.14,17.73,17.75,0.1,-8.13,-1.68,-0.18,-3.74,-4.45,1.15,-3.31,4.31,-44.05,-47.11
380,2019-11-20,MIR,-1,-13.3,-10.63,5.79,4.07,42.55,2.65,-0.46,2.63,0.84,-36.75,-3.94,4.56,-44.63,65.75,68.83
381,2020-05-15,MIR,-1,-11.75,-21.37,4.3,1.23,13.51,14.33,14.24,-0.12,4.42,14.53,1.13,4.52,-39.45,-6.01,-6.32
382,2020-08-31,MIR,-1,25.76,26.94,-36.7,-44.33,23.01,5.71,7.57,0.38,15.06,37.99,2.25,-2.02,33.87,5.19,-9.55
383,2020-11-16,MIR,-1,-21.57,-19.35,0.9,-2.79,-126.33,8.66,10.34,-2.75,12.75,31.85,-2.25,-4.15,-75.44,-0.82,13.18
384,2021-05-14,MIR,-1,24.99,20.86,-30.33,-38.14,4.37,9.18,9.36,-3.23,8.13,-33.15,-0.42,0.77,-88.1,0.04,-0.52
385,2021-08-31,MIR,-1,-4.19,-3.35,20.59,28.76,-22.72,-5.02,-13.41,-1.83,-23.65,9.67,-4.58,1.26,-15.94,10.9,-3.88
386,2021-11-12,MIR,-1,20.15,3.49,-52.68,-80.15,22.92,38.51,31.59,1.45,29.55,630.78,5.14,-13.96,398.28,2.47,-2.41
387,2022-05-13,MIR,-1,1.69,-9.94,-1.93,-1.65,-2.22,11.32,9.61,-2.26,-1.83,19.81,-0.4,3.99,21.25,5.33,-4.92
388,2022-08-29,MIR,-1,-13.79,-24.78,-73.93,-253.23,38.86,31.32,38.45,2.59,49.8,-18.01,2.71,-3.23,-92.27,-3.52,-5.51
389,2022-11-10,MIR,3,-4.38,-6.43,-13.38,-74.03,-2.89,3.07,-1.99,2.12,16.27,-44.01,2.52,-5.3,466.67,2.87,-1.62
390,2023-05-12,MIR,-1,2.52,0.24,210.05,-67.77,39.36,75.32,62.74,1.07,193.62,-285.24,-2.72,-0.28,338.1,2.24,20.94
391,2023-09-08,MIR,-1,16.83,14.34,-692.74,73.21,-28.68,22.37,-118.8,2.27,-119.32,260.12,1.23,0.15,-88.04,-1.37,-7.4
392,2023-11-10,MIR,-1,-10.7,-9.21,1088.96,-18.06,16.42,76.27,13.67,2.77,111.76,28.76,1.22,-3.47,290.91,-4.58,17.09
393,2024-05-15,MIR,3,-35.93,-0.19,-46.2,-27.33,-17.82,81.08,0.71,7.23,57.81,-32.77,-30.19,7.61,365.79,162.38,130.81
395,2007-08-14,MON,0,-15.33,-15.12,14.96,10.02,8.38,-24.64,8.11,1.83,-24.1,274.37,-1.83,-3.94,-52.0,-1.48,38.71
396,2008-02-27,MON,-1,-14.42,-22.83,-3.37,-6.24,-21.38,-24.53,-19.87,-0.42,-18.34,85.89,28.21,15.64,77.39,0.67,-33.0
397,2008-05-14,MON,-1,-11.83,-27.87,-13.77,-16.49,-11.99,-11.32,-16.88,-3.74,-6.77,-118.18,22.15,8.53,-68.5,-8.86,-6.81
398,2008-08-08,MON,-1,-25.6,-31.88,-24.45,-25.3,-31.5,2.6,-28.65,0.07,-2.92,75.41,16.83,2.48,117.49,55.93,67.75
399,2008-11-14,MON,0,-32.22,-34.87,-34.92,-32.84,9.94,12.33,12.45,-2.5,8.62,284.03,10.08,2.32,-85.3,-47.19,-50.87
400,2009-02-28,MON,2,-22.66,-53.96,43.82,13.65,-308.23,-18.77,-229.6,-2.63,-50.48,-219.23,30.85,-6.86,51.93,-40.85,-33.7
401,2009-05-15,MON,-1,-63.1,-70.82,-229.82,2288.52,-53.6,-78.79,-60.85,-4.98,-154.83,-3967.75,10.33,-10.48,-60.73,-21.13,-15.39
402,2009-08-31,MON,-1,,26.2,89.13,-101.04,-291.56,-275.0,-186.99,-2.38,-1305.63,92.55,55.17,-201.4,96.3,-16.98,-60.02
403,2010-03-01,MON,-1,,-57.53,39.1,40.26,-12.61,-232.99,-22.74,-2.18,-27.45,-38.8,5.37,-52.57,278.77,-3.34,44.97
404,2010-03-01,MON,-1,,16.39,25.01,27.32,6.25,-77.22,-8.63,-5.9,-35.83,-87.02,18.62,-140.29,26.4,-16.62,-43.16
405,2010-05-17,MON,-1,,137.26,-29.2,-29.12,4.37,21.84,-7.15,5.05,7.7,57.1,3.45,-12.6,-1.97,-4.78,19.26
406,2010-08-31,MON,-1,,-6.85,-139.44,-159.21,66.06,17.92,60.41,-2.93,56.58,-212.43,0.24,-2.63,-55.58,0.97,60.43
407,2010-11-15,MON,-1,,278.62,-26.16,-26.2,234.75,63.07,256.99,0.81,29.46,58.43,-61.22,137.52,530.32,419.67,120.55
408,2011-03-01,MON,-1,-20.46,-17.38,1489.77,472.49,48.61,214.6,47.36,5.71,105.99,626.16,-3.44,6.29,56.53,-7.59,23.96
409,2011-05-16,MON,2,6.53,1.37,-0.65,-1.36,0.06,8.49,-0.68,0.74,-2.56,-148.74,3.26,0.52,14.79,-4.74,-15.62
410,2011-08-31,MON,-1,-5.32,8.57,-424.03,71.21,19.92,-20.74,-5.32,-1.31,-136.84,9.05,-29.89,-10.68,42.15,109.14,316.36
411,2011-11-14,MON,-1,-47.99,-48.05,92.34,-399.05,-104.95,-101.98,-105.29,1.91,-764.29,101.73,5.27,0.05,-31.3,-9.58,-33.58
412,2012-02-29,MON,-1,-31.73,-25.92,64.57,85.4,-29.89,-2400.0,-98.55,-0.85,-34.16,-568.44,-11.4,-3.14,251.59,32.62,-16.67
413,2012-05-15,MON,-1,53.38,51.03,-127.96,-388.08,19.35,62.5,12.99,3.02,24.64,39.45,0.9,-3.78,-23.88,0.25,8.25
414,2012-08-15,MON,-1,-34.19,-35.81,357.47,112.54,76.26,472.0,86.24,1.14,129.97,93.98,-2.26,12.21,-14.37,9.25,68.13
415,2012-11-14,MON,1,33.69,25.03,-61.19,-16.87,513.83,72.76,228.05,-0.19,267.27,642.99,0.54,2.72,-54.41,-11.54,-29.61
416,2013-02-26,MON,-1,-8.07,-2.38,-68.52,-59.84,92.54,44.19,492.38,0.29,88.86,132.9,-6.26,2.98,41.03,-56.07,-60.17
417,2013-05-15,MON,-1,185.25,182.52,174.64,183.7,29.11,0.58,27.17,-0.19,7.08,18.25,-1.31,0.39,8.13,0.75,16.45
418,2013-08-14,MON,-1,23.71,29.8,5.36,10.38,17.89,16.74,18.2,3.01,18.73,-19.6,-8.88,-0.98,21.39,10.26,31.47
419,2013-11-14,MON,-1,48.76,47.62,34.4,39.17,11.84,9.31,10.91,2.37,17.73,0.53,-0.32,3.25,-21.86,0.71,-16.0
420,2014-02-20,MON,3,-13.59,-9.14,-26.24,-25.07,-4.22,15.63,16.66,1.14,3.05,-5.94,26.91,32.43,114.9,-18.78,-44.58
421,2014-05-09,MON,-1,34.7,40.47,25.84,28.54,15.17,15.2,11.46,3.05,11.08,83.31,28.36,10.88,-52.44,-22.56,56.16
422,2014-08-19,MON,-1,-20.19,-19.77,-20.72,-20.71,7.86,9.9,5.22,0.8,10.38,28.79,-27.2,-47.95,-50.47,7.98,29.86
423,2014-11-12,MON,-1,21.7,23.83,13.74,13.88,9.75,9.31,15.17,1.99,7.43,-35.83,-9.12,-6.42,82.26,13.66,-44.8
424,2015-05-12,MON,-1,34.13,30.82,44.5,44.08,-9.73,-1.34,-5.1,-1.56,1.08,-18.5,-20.5,-16.91,7.25,26.85,49.58
425,2015-08-26,MON,-1,-9.3,-6.82,-19.08,-18.07,-12.05,1.85,12.19,-2.23,-10.31,-8.77,128.17,94.63,-49.16,-55.52,10.8
426,2015-11-13,MON,-1,11.18,24.61,52.58,51.18,62.23,-12.55,-17.64,-3.32,-5.38,252.19,-62.5,-61.46,76.79,111.72,-9.65
427,2016-02-16,MON,-1,-33.39,-32.53,-33.88,-34.08,-15.33,-3.74,-10.77,-2.02,-12.2,40.94,54.12,49.79,-7.68,-29.72,-34.71
428,2016-05-11,MON,-1,22.39,19.27,25.74,25.95,5.68,-1.15,-2.36,-0.89,7.48,-28.12,-34.65,-31.72,42.06,47.94,50.35
429,2016-08-24,MON,-1,-8.91,-11.22,-0.7,-1.83,-10.28,-7.79,-13.57,0.4,-18.32,-12.01,69.25,60.57,-31.57,-37.87,-33.08
430,2016-11-08,MON,-1,-14.0,-15.59,-0.46,-2.4,-44.4,-13.35,-2.06,-0.93,-6.81,-55.53,-19.37,-17.93,-19.37,19.51,14.89
431,2017-02-24,MON,-1,-28.15,-19.03,-16.28,-19.28,23.48,-12.22,39.97,0.81,-29.02,1.76,38.25,31.05,8.59,-26.62,-36.89
432,2017-05-19,MON,-1,1.51,-0.18,42.29,32.49,-2.91,-24.09,-12.6,-1.5,-18.78,13.5,-35.63,-32.34,33.96,44.98,54.18
433,2017-08-25,MON,-1,-13.33,-13.64,-14.97,-17.1,-15.99,-10.12,-12.15,-0.39,-8.45,-31.44,11.44,10.54,12.41,-8.07,-7.89
434,2017-11-16,MON,-1,1.91,-1.93,-12.99,-9.66,3.33,20.09,3.67,1.61,21.36,-19.38,10.64,8.52,-25.32,-10.5,2.42
435,2018-02-27,MON,-1,-13.65,-7.68,-26.51,-23.91,-31.08,15.34,-17.86,1.91,4.16,-13.18,8.87,6.56,14.81,-6.96,-15.09
436,2018-05-22,MON,-1,5.43,7.21,19.2,19.95,4.23,0.22,2.11,2.67,6.62,62.0,-26.0,-23.2,-9.61,28.14,57.31
437,2018-08-28,MON,-1,-26.12,-24.11,-35.57,-34.96,1.28,3.4,10.33,1.64,-0.54,88.63,24.22,21.15,-8.61,-12.54,5.76
438,2018-11-21,MON,2,-9.35,-9.23,18.19,16.6,-7.38,-9.86,-7.9,1.35,-6.89,-200.46,-12.13,-11.16,-54.27,7.86,1.29
439,2019-03-01,MON,-1,-33.15,-31.16,-46.47,-45.91,-24.72,8.12,31.48,0.12,-8.32,2.82,38.17,31.47,31.02,-29.42,-38.75
440,2019-05-30,MON,-1,45.91,37.36,107.82,76.4,-7.72,-9.36,-7.87,-1.35,-8.45,173.51,24.54,22.5,-39.46,-5.58,-1.0
441,2019-09-27,MON,0,-11.41,-11.58,37.33,6.45,-25.41,-21.25,-15.26,-0.21,-28.24,346.43,21.37,12.01,-65.8,-24.96,2.45
442,2019-11-26,MON,-1,-34.14,-38.17,-23.21,-36.57,-9.23,-11.74,-10.94,-1.26,-9.6,-90.0,2.97,2.12,-32.63,-2.99,-11.17
443,2020-06-01,MON,-1,-49.83,-51.05,-11.62,-32.17,-43.75,-23.44,-42.74,0.07,-28.54,-48.86,-3.38,-0.24,5.84,-3.44,8.49
444,2020-09-22,MON,-1,56.29,62.71,-252.25,101.04,-199.11,-74.4,-191.32,-1.35,-163.64,-150.17,23.59,9.87,56.39,-22.01,-26.1
445,2020-11-17,MON,-1,-14.17,-15.12,47.19,71.54,-76.23,32.71,-77.95,-0.78,-111.22,-75.98,-2.31,-0.28,-22.69,14.06,29.83
446,2021-05-27,MON,-1,3.39,5.82,-3.8,13.7,-1.82,-17.22,2.38,-2.48,-1.98,-5.88,-4.1,1.49,-13.2,1.22,-0.76
447,2021-09-24,MON,-1,49.35,50.15,-237.77,442.36,72.1,157.06,75.77,2.01,65.33,45.36,5.29,-5.38,22.39,5.26,20.24
448,2021-11-29,MON,-1,-7.89,-7.61,-297.8,-53.57,92.53,42.08,100.0,0.37,75.39,94.12,-1.68,0.6,-43.95,-12.7,-12.79
449,2022-05-30,MON,-1,16.89,11.45,294.35,336.25,30.88,53.39,21.39,3.02,31.11,46.96,-1.43,-0.49,-52.65,2.47,79.42
450,2022-09-30,MON,-1,-0.29,9.81,-68.82,-65.64,135.96,20.0,156.09,0.78,20.67,79.29,-22.28,-10.02,215.12,28.1,-32.16
451,2022-11-28,MON,0,-13.72,-13.27,8.76,14.35,24.35,-5.63,13.5,0.65,46.56,493.85,-26.72,-19.88,-20.21,38.35,47.07
452,2023-05-30,MON,-1,0.89,-3.13,36.13,36.87,9.39,-4.91,-2.23,0.24,6.43,-82.92,-23.27,-18.53,-32.85,38.95,58.07
453,2023-09-29,MON,-1,0.4,1.7,15.32,6.89,-72.32,-23.45,-71.66,1.99,-20.62,88.81,11.09,10.13,4.13,-12.28,-32.1
454,2023-11-29,MON,-1,9.42,8.09,90.93,65.95,-47.55,1.93,-42.66,0.91,-32.69,186.86,-17.7,-14.66,-25.59,29.23,3.81
455,2024-05-24,MON,-1,-0.87,-2.77,-19.53,-18.59,9.4,7.33,3.69,1.17,9.32,67.77,-13.2,-11.05,77.94,18.1,76.02
457,2006-04-28,PRT,-1,178.13,162.06,839.91,276.38,-98.38,-171.43,-85.02,-5.83,-69.55,-95.94,19.67,16.87,-87.7,-14.39,-5.17
458,2006-08-04,PRT,1,-40.86,-16.96,-94.94,-71.43,29466.67,1458.57,3179.41,40.95,1296.3,4398.25,-23.57,-26.1,1263.83,80.65,73.95
459,2006-10-31,PRT,-1,-46.64,-48.57,-47.07,-46.83,8.91,5.78,-0.54,2.34,4.77,5.21,-11.28,-8.17,-32.98,33.55,24.11
460,2007-02-13,PRT,-1,29.03,36.46,41.34,36.96,-18.12,-2.78,-8.21,0.7,-15.86,171.14,6.62,5.35,232.66,-0.8,7.07
461,2007-04-30,PRT,-1,215.58,211.19,146.09,163.53,46.52,32.41,30.65,9.95,34.7,-33.78,-41.4,37.2,180.89,17.08,-12.92
462,2007-08-29,PRT,-1,73.83,109.99,217.75,178.74,-69.63,5.95,-24.66,36.76,-61.36,-25.58,208.92,-7.44,-95.75,-54.06,-35.69
463,2007-11-05,PRT,-1,-23.79,-48.71,-53.58,-48.26,65.34,1.68,6.09,0.83,72.45,-5.69,-7.28,-2.39,4.6,12.88,22.66
464,2008-02-14,PRT,-1,-14.53,-37.73,-49.95,-47.9,63.75,-32.69,35.84,-20.64,38.99,110.18,41.46,1.96,-20.0,-54.64,-51.14
465,2008-04-30,PRT,-1,-26.14,-44.71,-32.87,-32.51,1.68,-3.41,-18.14,2.85,16.08,32.69,1.22,9.9,24.3,50.99,63.42
466,2008-08-14,PRT,0,-56.64,-59.67,-57.96,-57.04,13.93,9.59,2.88,-9.35,21.26,1076.17,-5.26,-4.99,-25.34,-16.76,-29.08
467,2008-11-14,PRT,2,-12.32,-17.81,-11.11,-13.35,0.63,-4.12,-11.1,-5.24,4.74,-86.26,-9.45,-2.46,36.42,5.87,10.26
468,2009-03-02,PRT,-1,-45.26,-33.64,4.38,-1.53,-52.66,10.07,-34.04,12.5,-41.33,-64.89,-3.1,0.19,70.06,11.11,-23.1
469,2009-05-15,PRT,-1,-16.42,-12.02,-5.9,-10.18,-2.28,3.05,3.23,-2.9,-8.74,-35.48,0.29,1.63,-7.66,-0.41,30.14
470,2009-08-31,PRT,-1,47.94,40.86,120.27,83.13,-49.61,-33.58,-41.85,-5.74,-39.41,-63.74,2.88,2.69,9.05,-3.93,1.85
471,2009-11-16,PRT,-1,11.36,14.53,11.21,1.78,-18.53,-13.93,-10.51,-0.68,-10.25,-26.98,-1.99,0.2,23.52,-7.9,-6.17
472,2010-02-26,PRT,1,7.01,-3.31,-11.06,-4.25,90.52,-26.54,16.71,-3.24,40.07,97.44,2.1,7.42,-24.09,-12.28,-12.72
473,2010-08-31,PRT,-1,24.46,36.36,13.96,21.3,12.3,21.48,20.75,1.05,13.04,54.48,-5.44,-1.58,-21.97,1.77,-9.67
474,2010-11-15,PRT,0,6.73,9.94,-5.1,0.68,16.17,8.84,16.84,5.13,10.19,86.65,0.61,1.63,20.72,0.41,14.69
475,2011-02-16,PRT,-1,-5.95,-0.91,-11.28,-11.62,-16.62,7.16,5.2,-2.68,2.95,-61.24,-2.92,0.1,81.94,0.75,-15.06
476,2011-05-16,PRT,-1,11.3,17.57,14.36,14.66,-21.01,3.97,4.1,0.81,-4.15,5.31,2.83,2.85,-19.49,0.14,0.69
477,2011-08-30,PRT,-1,-32.1,-31.28,-24.56,-23.68,22.95,3.3,1.9,6.22,2.06,37.47,-2.78,-0.97,-50.86,1.47,2.28
478,2011-11-14,PRT,-1,-36.4,-29.92,-22.88,-23.88,-12.75,-1.34,-4.66,4.38,-12.41,-14.1,-1.4,1.52,25.65,-1.61,-2.77
479,2012-02-29,PRT,-1,8.24,-18.47,-3.4,-4.84,-89.19,4.09,-30.17,5.36,-12.1,-92.44,8.04,12.71,111.1,-1.28,-17.54
480,2012-05-15,PRT,-1,65.95,60.07,85.51,87.17,15.69,-3.44,-7.8,0.41,-1.05,148.66,2.16,-6.16,-67.39,-2.44,23.46
481,2012-08-31,PRT,1,8.79,22.83,-1.37,-0.63,854.24,3.05,19.52,11.23,27.95,209.61,-26.53,7.08,-37.97,45.36,-6.96
482,2012-11-14,PRT,-1,-2.7,9.65,18.61,19.92,-29.13,-4.11,-9.62,1.6,-17.29,9.68,-0.08,2.94,7.97,-1.23,20.74
483,2013-03-01,PRT,2,3.98,29.32,-4.59,-5.24,131.58,28.3,35.34,16.54,13.02,-1250.18,-10.2,-9.98,50.49,9.4,-21.22
484,2013-05-15,PRT,0,-10.82,3.79,0.39,1.48,-8.23,6.82,16.32,6.6,-12.07,120.18,6.23,5.82,-10.06,-7.0,17.81
485,2013-08-30,PRT,-1,-17.03,-23.03,-17.65,-14.19,-62.38,-3.13,-9.44,-8.61,3.02,-0.55,0.61,5.89,99.0,25.38,24.92
486,2013-11-12,PRT,-1,-5.31,-7.22,-28.1,-24.23,62.7,16.93,21.69,2.64,32.89,-35.74,-9.64,-6.05,84.28,14.2,6.97
487,2014-02-28,PRT,3,-8.18,-11.32,-17.36,-16.85,14.45,12.93,-1.16,-1.64,10.49,-14.38,-13.84,-12.81,60.09,19.81,-17.49
488,2014-05-15,PRT,-1,24.03,25.56,16.97,20.31,5.89,5.97,2.93,0.55,2.83,-2.13,4.34,4.6,-4.4,-10.71,-2.91
489,2014-08-29,PRT,-1,2.49,-2.65,-3.51,-4.41,1.27,0.92,4.1,1.55,-0.73,-5.3,17.13,10.64,-42.84,-20.58,-14.68
490,2014-11-14,PRT,3,-13.94,-8.49,-13.98,-15.0,-0.78,1.1,5.57,0.05,-5.14,-4.39,-4.55,-1.23,77.77,2.55,-1.98
491,2015-02-27,PRT,-1,-13.66,-8.61,-10.27,-8.66,17.41,-12.22,13.56,-1.58,15.31,53.43,-24.07,-19.49,-16.3,39.05,-5.53
492,2015-05-15,PRT,0,11.62,13.39,5.07,5.49,8.22,9.38,11.3,1.42,5.29,76.34,12.02,12.82,-59.6,-15.76,26.83
493,2015-08-31,PRT,-1,2.17,-5.58,-7.69,-5.99,3.61,5.09,1.72,0.13,0.57,1.68,22.73,15.8,-23.14,-30.11,-22.86
494,2015-11-16,PRT,3,0.49,6.69,9.44,8.66,-14.78,-6.01,-7.33,0.36,-8.31,50.75,-7.8,-3.55,119.36,9.05,-2.55
495,2016-05-16,PRT,-1,-2.99,-1.67,3.15,1.53,-14.77,-4.16,-7.02,-0.64,-8.83,-53.11,6.78,7.76,1.91,-10.45,29.27
496,2016-08-31,PRT,-1,11.03,4.91,9.75,8.63,-18.4,-7.72,-5.87,-2.0,-10.16,-37.39,25.31,12.24,-22.19,-28.55,-26.89
497,2016-11-14,PRT,3,2.27,-3.12,15.64,7.47,-14.47,-19.77,-16.34,-5.75,-14.5,-30.03,-3.05,-3.14,119.41,2.58,9.23
498,2017-05-25,PRT,-1,23.52,20.24,37.22,29.91,-24.16,-12.88,-5.09,-3.42,-15.43,-8.08,13.98,12.25,-31.51,-17.06,1.33
499,2017-08-31,PRT,-1,9.27,2.51,15.2,7.89,9.83,-11.8,1.93,-1.26,-6.82,56.36,10.0,6.65,-40.36,-13.25,-17.38
500,2017-11-15,PRT,-1,3.07,5.14,-15.77,-7.49,13.27,17.96,5.4,2.67,24.22,47.25,-4.92,-1.99,-6.49,3.07,2.34
501,2018-05-30,PRT,-1,-5.39,-1.82,7.13,7.43,-8.4,-12.52,-12.22,-0.57,-11.55,5.84,4.88,17.91,-9.93,16.33,25.11
502,2018-09-28,PRT,-1,-3.03,-4.72,11.76,8.06,-36.67,4.58,-27.68,2.87,-14.78,-60.48,5.55,2.11,-44.25,-15.43,4.2
503,2018-11-29,PRT,-1,32.93,30.94,63.99,55.01,-101.32,-20.8,-30.86,-0.32,-25.85,-103.08,7.69,9.46,5.53,6.11,8.38
504,2019-05-30,PRT,0,-5.2,-3.57,27.21,12.33,-6.56,10.32,-12.4,3.05,-27.39,425.01,27.05,-8.5,-37.34,-2.89,14.53
505,2019-09-30,PRT,0,-12.6,-9.48,3.78,-11.87,-107.69,-36.84,-21.0,-1.34,-10.53,199.46,-2.95,-0.27,47.83,-9.17,-14.48
506,2019-11-29,PRT,3,-3.49,-1.96,-6.95,-15.43,37.78,6.02,14.45,1.5,4.41,-102.97,-3.32,-0.02,148.79,22.36,-3.85
507,2020-06-01,PRT,-1,-22.93,-18.07,-27.44,-22.5,16.98,31.89,11.45,4.26,13.8,36.49,0.6,0.58,-30.34,-4.09,71.13
508,2020-09-30,PRT,-1,46.5,53.89,561.8,86.99,-438.64,-82.39,-107.91,-4.4,-80.59,-497.02,0.12,-0.21,79.69,-5.27,-10.38
509,2020-11-30,PRT,-1,15.39,17.32,-55.83,-8.29,40.08,96.0,755.0,0.13,150.0,32.32,1.45,-0.4,-11.62,-3.38,0.73
510,2021-05-31,PRT,-1,6.28,8.54,14.28,6.3,31.19,-72.0,16.67,-3.33,-8.37,49.89,0.46,0.19,-27.55,-3.18,31.61
511,2021-09-30,PRT,-1,-6.65,-15.24,-60.71,-33.6,127.97,1128.57,127.73,8.48,135.65,217.25,5.05,0.59,-24.19,-8.66,-18.04
512,2021-11-29,PRT,-1,-0.98,-1.15,18.29,6.61,-38.34,-8.6,-21.96,0.05,-15.31,60.27,0.28,-0.24,-15.61,-1.44,-5.16
513,2022-05-30,PRT,-1,8.95,8.78,-593.37,22.3,-68.49,-75.0,-29.49,-1.89,-120.9,-64.79,4.11,0.85,33.27,-6.04,-2.6
514,2022-09-30,PRT,-1,-18.93,-21.77,89.81,5.3,-252.17,-310.34,-74.52,-6.56,-757.14,-193.41,-0.37,0.22,-44.53,-1.14,1.02
515,2022-11-29,PRT,-1,-11.75,-8.19,-74.77,-7.92,40.0,68.85,-33.96,0.44,45.0,51.22,2.08,-2.86,-44.28,1.51,-8.73
516,2023-05-30,PRT,-1,11.21,11.56,4.49,6.33,-8.87,6.72,-12.8,-1.05,3.45,5.79,-0.49,0.44,-24.06,0.71,40.0
517,2023-09-29,PRT,-1,-0.05,-3.19,-16.38,-8.47,55.56,31.85,102.75,1.32,16.67,60.32,2.36,0.27,32.39,-2.55,0.36
518,2023-11-29,PRT,-1,-11.52,-8.79,6.45,-1.33,-40.0,-5.62,-26.7,-2.47,-10.29,-59.57,-1.2,1.0,-41.61,0.69,9.62
519,2024-05-29,PRT,-1,18.14,22.17,2.7,42.62,-2.29,-226.32,-15.87,-2.56,-11.39,-31.87,3.25,1.27,-15.38,-1.34,43.79
520,2008-08-21,SFG,-1,-41.5,-40.11,-16.13,-21.56,-58.18,-9.2,-26.44,-2.25,-32.1,-103.88,-2.94,-4.25,29.45,5.69,3.0
521,2009-08-21,SFG,-1,29.78,10.7,56.98,-247.89,-55.23,5.14,-5.68,3.21,-140.09,312.89,-33.5,-28.74,67.22,39.57,51.98
522,2013-08-13,SFG,-1,-4.82,-5.13,-5.13,-5.83,-2.3,0.15,-2.87,-0.6,-7.63,15.94,10.32,3.36,1.78,-12.17,-15.08
523,2014-08-01,SFG,-1,-13.45,-3.35,0.71,-2.99,-18.6,-9.81,-8.59,-0.19,-20.78,48.45,9.45,9.69,-3.37,-6.92,-4.76
526,2006-05-04,SNW,-1,-23.88,4.55,368.76,-41.44,242.55,612.0,116.72,0.85,130.48,223.81,-18.34,1.61,48.96,-4.71,-7.71
527,2006-08-03,SNW,-1,13.31,-26.6,-51.91,-32.27,36.57,86.72,50.0,0.32,104.69,30.31,37.97,-1.96,-36.29,-0.3,0.32
528,2006-11-03,SNW,-1,19.59,15.94,6.46,13.73,9.29,-5.02,32.14,-4.01,14.5,30.31,-3.03,-0.75,17.36,1.14,1.08
529,2007-02-13,SNW,-1,-4.42,-2.57,-58.12,-25.61,35.5,33.48,209.91,-0.05,138.67,-10.96,-11.05,-7.78,33.96,10.98,-1.37
530,2007-05-15,SNW,1,26.07,104.74,-52.13,-11.09,252.03,-6.93,379.07,-1.26,177.93,388.29,-9.74,4.74,-23.48,-4.5,3.48
531,2007-08-14,SNW,-1,61.29,47.84,39.7,46.54,4.82,-8.87,6.67,-1.61,6.63,15.71,3.08,-0.36,3.86,-3.08,-14.35
532,2007-11-14,SNW,-1,-82.75,-82.7,-84.49,-84.33,-5.4,82.88,9.39,14.08,7.26,86.75,12.21,3.67,16.24,4.23,12.19
533,2008-02-14,SNW,-1,-28.82,-29.6,-18.05,-17.56,-9.51,13.19,-15.55,-2.63,-13.71,-70.05,-4.64,-1.89,-44.78,-5.79,-16.62
534,2008-05-08,SNW,3,-55.44,-55.57,-663.17,-440.54,-35.16,-11.65,-79.43,-2.19,-86.35,41.6,186.63,41.75,9032.01,163.59,-11.26
535,2008-08-07,SNW,-1,133.02,346.85,83.72,706.59,-126.13,-168.94,-202.69,-31.39,-235.82,-28.68,-76.41,-55.05,9.97,5.98,-18.82
536,2008-11-14,SNW,-1,0.69,7.24,54.91,-104.88,-38.62,-200.0,-131.49,-45.6,-112.64,181.17,5.38,4.9,-5.16,-5.27,-19.46
537,2009-02-16,SNW,-1,-2.01,-13.78,-22.5,13.7,-708.46,-76.85,-637.28,-77.96,-124.55,-31.2,131.63,101.6,-44.01,-49.34,-26.62
538,2009-05-15,SNW,-1,-34.95,-33.27,58.04,58.11,-79.75,-35.54,-46.17,-202.53,-20.94,-11.72,-19.79,-9.53,-59.56,-39.06,24.18
539,2009-11-13,SNW,-1,24.16,27.72,-106.5,-112.94,0.66,8.67,6.34,75.22,2.72,-4.03,-27.37,-23.92,52.16,48.98,49.98
540,2010-03-01,SNW,-1,-16.2,-30.41,-30.71,-34.93,64.47,29.5,68.66,298.48,10.96,-74.31,112.03,78.73,-66.54,-46.68,-15.24
541,2010-05-14,SNW,-1,1.89,-20.19,4.88,1.66,57.72,19.49,74.67,39.48,-1.13,-19.2,8.51,4.44,-17.38,-9.54,-15.27
542,2010-08-31,SNW,-1,-25.56,-38.12,30.97,25.68,-12.17,31.21,-50.69,28.35,1.99,30.5,-9.84,-5.64,4.89,9.61,10.76
543,2010-11-15,SNW,-1,103.74,67.83,-219.24,-270.44,-14.81,34.02,-2.63,12.04,11.66,23.44,2.05,1.3,-7.33,-1.95,5.36
544,2011-03-01,SNW,-1,-31.08,-37.84,-134.79,221.25,74.88,45.31,92.31,4.08,74.75,-192.46,-8.84,-6.86,20.12,12.56,18.99
545,2011-05-16,SNW,1,-8.29,-8.09,-27.6,-20.23,106.42,14.29,47.83,1.15,24.43,97.3,9.87,7.07,-30.36,-9.81,-6.26
546,2011-08-31,SNW,0,0.15,-2.39,-64.76,-19.61,-642.86,34.29,61.11,1.68,38.35,1276.04,-2.44,-1.87,1.96,2.42,6.51
547,2011-11-14,SNW,-1,-49.77,-49.5,87.25,71.75,-305.26,-45.65,-1978.57,0.47,-231.71,239.65,15.87,9.48,-44.08,-14.9,-16.19
548,2012-02-29,SNW,2,-6.96,-15.87,68.51,-113.99,-319.48,100.0,-283.85,5.2,-208.09,-824.02,-8.37,-5.99,2.93,10.89,-18.66
549,2012-05-15,SNW,2,23.52,19.57,-57.1,-44.27,-18.27,,-12.98,-6.0,-12.17,-365.83,7.76,6.11,-64.88,-4.07,24.81
550,2012-08-31,SNW,-1,-10.05,-16.79,44.41,49.17,-93.85,-85.79,-62.68,-2.26,-31.49,-60.93,-8.86,-5.42,77.58,2.43,-7.37
551,2012-11-14,SNW,0,-27.9,-28.76,17.29,16.63,-7.02,-41.76,-4.92,-2.67,-1.13,117.39,1.16,1.7,-59.28,-2.72,9.46
552,2013-03-01,SNW,-1,19.12,1.0,60.06,68.83,-97.1,-26.97,-77.39,-2.28,-147.2,42.27,0.69,1.12,83.98,7.9,-11.64
553,2013-05-15,SNW,2,35.57,42.66,-77.68,-78.82,4.74,23.37,-4.34,7.22,4.98,-238.57,12.43,10.03,-59.49,-9.98,-21.69
554,2013-08-30,SNW,-1,-20.74,-23.32,20.77,20.51,23.15,38.81,22.6,-5.16,1.06,-62.76,-4.16,-4.75,7.85,-3.56,20.33
555,2013-11-14,SNW,-1,-0.84,4.0,15.04,13.51,14.56,44.95,8.04,1.07,8.67,89.07,2.19,2.65,124.52,0.01,1.95
556,2014-02-26,SNW,-1,0.13,1.8,-605.48,1837.99,92.94,-128.48,85.84,-6.93,84.58,83.42,-6.7,-3.54,0.4,7.34,2.13
557,2014-05-15,SNW,-1,8.28,6.22,-27.11,-6.91,8.7,29.64,29.1,-2.24,14.67,40.3,10.36,7.36,-13.6,-7.52,-14.77
558,2014-08-29,SNW,-1,-10.6,-7.98,41.4,187.71,11.9,-40.55,-18.95,-4.78,-36.1,37.25,-8.45,-6.07,33.84,8.97,9.69
559,2014-11-14,SNW,-1,-12.97,-8.92,5.24,-142.02,8.11,29.13,8.26,2.01,10.32,-45.37,2.78,1.39,-11.51,-2.43,-1.54
560,2015-03-02,SNW,2,0.16,-5.0,-56.89,-156.4,-444.12,30.04,-146.3,1.58,23.24,-8370.22,14.04,7.18,-47.12,-14.1,-41.95
561,2015-05-15,SNW,-1,9.76,15.21,-14.83,45.62,6.85,-35.59,-5.22,-0.52,5.2,93.11,7.12,6.81,-3.98,-4.45,23.3
562,2015-08-31,SNW,0,-0.53,1.69,-45.97,6.55,-13.73,-42.92,-9.93,2.99,0.0,337.76,2.6,0.3,21.26,45.7,41.78
563,2015-11-13,SNW,-1,-29.86,-31.82,54.98,46.56,-15.14,-40.82,-11.06,-8.79,-32.9,51.87,-2.39,-0.79,77.25,4.13,3.35
564,2016-02-29,SNW,-1,15.56,-7.94,89.96,95.97,-177.7,-30.43,-143.7,-4.34,-488.11,-379.82,8.8,4.7,-19.33,-23.43,-42.28
565,2016-05-13,SNW,0,0.54,-3.33,-34.51,-33.18,-3.35,6.03,2.17,-3.99,-3.96,129.07,1.93,3.15,-42.45,-4.14,19.5
566,2016-08-31,SNW,-1,2.31,-0.41,-40.56,-39.54,-0.57,-3.38,-1.15,-0.61,-1.79,-0.73,0.81,-1.57,14.43,-0.29,-18.75
567,2016-11-14,SNW,-1,-10.54,-8.25,38.56,39.26,5.32,4.9,-5.82,2.4,4.1,-50.92,8.1,1.52,-33.91,-9.14,8.18
568,2017-05-30,SNW,-1,103.44,183.57,4152.18,176.29,84.76,134.57,142.92,0.04,105.99,9.5,-56.67,-39.51,606.94,89.38,106.57
569,2017-09-22,SNW,4,0.03,10.64,-90.8,-41.11,156.1,201.19,211.0,-9.66,888.24,-91.96,-4.31,-3.59,18.21,5.36,-8.32
570,2017-11-29,SNW,1,9.62,26.74,-45.74,-23.79,300.0,92.89,84.24,-3.67,97.62,93.47,3.46,2.97,7.91,-2.37,18.44
571,2018-05-30,SNW,-1,-13.21,-4.65,-156.88,281.78,-114.49,-287.27,-78.36,-4.27,-244.74,-132.66,9.47,7.2,-21.98,-11.19,-12.47
572,2018-10-01,SNW,-1,-5.29,-6.37,-115.87,-53.12,105.0,25.73,120.69,0.51,50.91,63.69,-3.29,-2.69,-1.85,11.38,33.32
573,2018-11-29,SNW,-1,0.0,1.28,59.47,323.64,-1800.0,-44.44,-38.28,-4.18,-159.26,312.84,-0.93,-0.75,-6.39,-5.64,-22.11
574,2019-05-30,SNW,-1,16.38,15.04,40.24,-427.46,-116.42,-35.02,-71.43,-3.09,-66.67,116.06,12.7,10.0,52.16,-11.86,11.27
575,2019-09-30,SNW,0,0.31,3.45,15.99,73.58,-854.55,-28.24,-378.85,0.93,-32.57,2511.99,0.86,0.6,-31.0,-1.24,2.82
576,2019-11-21,SNW,0,-12.58,-11.73,22.05,37.21,-184.76,1.35,-248.28,3.54,-17.67,933.49,-5.24,-2.04,-21.61,21.16,7.91
577,2020-06-30,SNW,-1,-4.56,-2.77,-36.77,-168.6,21.6,53.32,16.1,13.32,41.4,95.81,12.95,9.91,-1.67,-9.34,4.51
578,2020-09-30,SNW,-1,293.94,330.52,-5238.73,425.05,154.63,154.88,152.25,16.23,88.41,239.45,-10.45,-6.12,9.83,17.42,-10.29
579,2020-11-27,SNW,4,78.96,42.29,109.94,-61.5,251.3,774.81,253.1,24.16,1828.12,-31.48,17.79,16.67,1.47,-14.59,23.16
580,2021-05-28,SNW,-1,32.45,32.85,55.64,56.17,8.31,-3.29,6.91,-1.16,-2.85,80.04,-2.59,-0.92,-34.73,1.34,15.83
581,2021-09-30,SNW,-1,-31.64,-26.84,-26.69,-27.54,8.56,-16.16,19.7,-3.59,-14.77,-5.03,-8.74,-3.1,69.64,24.71,17.71
582,2021-11-29,SNW,-1,-22.44,-4.86,77.27,44.62,-27.33,-89.89,-13.91,-22.4,-59.24,162.29,-5.26,-4.11,6.6,4.6,5.1
583,2022-05-30,SNW,-1,-1.47,3.98,51.51,70.43,14.9,-2.82,19.34,1.95,-41.57,-99.05,3.35,5.14,59.51,-5.11,31.23
584,2022-09-30,SNW,-1,-10.36,-9.35,35.03,-278.71,-117.99,-6.28,-134.0,-3.18,-38.1,266.54,-6.56,-6.57,2.43,5.49,1.99
585,2022-11-29,SNW,-1,-19.59,-16.99,-2302.93,108.85,60.47,30.18,27.84,19.62,95.4,-91.85,-1.76,-0.39,-40.57,0.71,-0.46
586,2023-05-30,SNW,2,26.5,27.69,42.62,68.91,-404.0,11.68,-407.94,5.26,29.82,-1389.5,5.02,5.24,-16.06,-6.77,21.93
587,2023-09-29,SNW,1,2.37,-4.8,-51.49,-31.83,760.53,225.21,476.87,13.7,140.54,188.65,-18.23,-14.72,31.33,31.99,-6.5
588,2023-11-29,SNW,-1,7.4,8.36,24.25,23.74,44.62,48.51,57.71,6.23,-7.87,3.18,2.33,1.97,9.77,6.9,14.84
589,2024-05-28,SNW,-1,-9.47,-6.61,-9.6,-8.04,16.78,3.28,27.29,-1.65,0.0,-46.7,7.34,9.86,-17.93,5.99,21.65
590,2016-05-12,WTN,-1,-1.92,-2.58,1.14,0.32,1.52,-1.85,-3.01,-0.09,4.13,-24.52,-4.99,-2.67,12.21,24.62,-0.14
591,2016-08-25,WTN,-1,2.59,-6.26,8.51,7.63,-6.2,-7.33,-0.21,0.34,-4.61,34.12,9.61,1.02,-81.82,-73.36,-50.38
592,2016-11-10,WTN,-1,1.09,6.5,21.25,18.57,-3.34,-10.86,-12.97,1.94,-2.32,-36.18,-18.88,-10.58,-38.16,22.3,-12.71
593,2017-05-18,WTN,-1,5.13,0.12,7.38,7.23,-14.05,-4.55,-7.1,-0.68,0.66,-29.43,-2.21,-2.4,20.47,22.02,-2.61
594,2017-08-24,WTN,-1,7.27,-9.03,5.92,5.42,-6.96,-2.18,-20.0,-0.54,14.12,70.89,-0.83,-3.81,-95.67,-18.07,98.61
595,2017-11-16,WTN,-1,-4.18,-5.76,-9.09,-7.97,9.64,7.51,9.65,0.61,1.21,9.36,7.87,2.84,15.97,-19.72,-50.85
596,2018-05-17,WTN,-1,7.46,6.68,8.48,7.67,24.36,0.65,3.12,1.16,7.23,30.66,-14.68,-8.37,-53.07,30.28,12.8
597,2018-09-20,WTN,-1,-0.87,-12.83,-5.17,-5.57,0.65,1.7,10.61,1.54,-5.89,2.05,47.45,20.43,83.19,48.68,153.04
598,2018-11-15,WTN,3,-25.6,-23.99,-26.37,-25.69,2.83,3.74,7.43,-0.24,1.05,21.05,4.86,3.08,78.07,-5.97,-10.36
599,2019-05-16,WTN,-1,3.58,2.16,27.29,16.22,-21.52,-3.89,-3.91,-0.12,-21.06,-13.49,42.36,20.51,-52.87,-16.59,-34.38
600,2019-09-19,WTN,-1,1.55,-12.07,6.11,-4.82,-11.69,-7.59,-9.07,-0.4,-11.15,-23.75,21.17,-1.3,3.07,12.96,52.79
601,2019-11-14,WTN,-1,-7.12,-5.24,10.92,-1.32,-28.86,-12.46,-24.14,0.03,-16.74,-27.69,3.23,-2.18,-31.29,-6.36,-40.32
602,2020-05-21,WTN,3,-42.24,-41.83,-21.95,-26.06,-18.3,-5.47,-14.67,0.05,-12.86,-7.16,7.06,-0.24,199.86,20.76,-7.91
603,2020-09-17,WTN,-1,21.3,31.22,37.81,22.11,-18.24,-23.37,-10.83,-0.65,-21.35,-31.34,2.46,1.61,-56.04,-30.86,-41.63
604,2020-11-19,WTN,3,-16.08,-7.59,10.96,2.04,-3.15,-7.86,8.88,0.14,-18.96,-9.91,2.42,-1.48,195.92,35.25,3.92
605,2021-05-27,WTN,-1,-1.04,1.83,4.59,6.3,12.29,-6.24,19.35,0.85,-0.45,20.56,4.96,2.02,-35.81,1.85,-39.81
606,2021-09-23,WTN,3,21.34,15.2,-25.91,-5.62,56.4,65.4,43.24,1.55,52.71,40.2,-5.82,-3.3,306.39,44.24,80.68
607,2021-11-25,WTN,-1,5.35,3.39,-25.07,-13.43,33.93,27.15,25.21,2.33,39.55,37.78,-6.38,-3.16,-33.53,-13.18,-15.06
608,2022-05-26,WTN,-1,-1.99,-8.25,-8.83,-5.18,23.52,5.26,3.67,0.08,21.57,-1.99,-19.37,-10.37,-11.24,39.59,53.7
609,2022-09-15,WTN,-1,56.02,10.58,15.76,21.02,7.18,7.63,-3.23,0.37,16.77,12.32,48.68,16.46,-77.27,-45.62,-22.2
610,2022-11-24,WTN,3,-21.07,-21.16,-22.42,-19.93,-2.15,4.55,-1.96,0.38,4.35,5.94,-0.48,2.11,82.08,0.11,-6.09
611,2023-05-25,WTN,-1,4.92,2.15,2.31,3.02,9.29,-1.41,0.52,0.14,8.05,-3.84,-11.38,-6.51,20.52,20.76,42.51
612,2023-09-14,WTN,-1,53.49,14.99,20.25,18.92,-1.59,-7.1,-0.41,-0.03,-6.2,-4.97,54.57,17.82,-31.42,-45.91,-44.21
613,2023-11-23,WTN,-1,-34.39,-29.38,-13.74,-15.02,-0.54,-7.69,-4.96,-0.33,-6.01,-4.96,-10.96,-1.76,-17.92,16.73,9.65
614,2024-05-23,WTN,-1,-4.72,-1.62,5.28,2.92,-4.74,-6.25,-8.58,0.27,-3.39,-8.65,-11.93,-7.23,-24.9,16.68,25.65
